"","SSB_MSY_om","TotYield_MSY_om","SSB_Unfished_om","depletion_om","F_MSY_om","F_SPR_om","last_yr_early_om","first_yr_full_om","last_yr_full_om","first_yr_recent_om","max_bias_adj_om","NatM_p_1_Fem_GP_1_om","L_at_Amin_Fem_GP_1_om","L_at_Amax_Fem_GP_1_om","VonBert_K_Fem_GP_1_om","CV_young_Fem_GP_1_om","CV_old_Fem_GP_1_om","Wtlen_1_Fem_om","Wtlen_2_Fem_om","Mat50._Fem_om","Mat_slope_Fem_om","Eggs.kg_inter_Fem_om","Eggs.kg_slope_wt_Fem_om","RecrDist_GP_1_om","RecrDist_Area_1_om","RecrDist_Seas_1_om","CohortGrowDev_om","SR_LN_R0_om","SR_BH_steep_om","SR_sigmaR_om","SR_envlink_om","SR_R1_offset_om","SR_autocorr_om","InitF_1Fishery_om","Q_base_1_Fishery_om","Q_base_2_Survey_om","Q_base_3_CPUE_om","SizeSel_1P_1_Fishery_om","SizeSel_1P_2_Fishery_om","SizeSel_1P_3_Fishery_om","SizeSel_1P_4_Fishery_om","SizeSel_1P_5_Fishery_om","SizeSel_1P_6_Fishery_om","SizeSel_2P_1_Survey_om","SizeSel_2P_2_Survey_om","SizeSel_2P_3_Survey_om","SizeSel_2P_4_Survey_om","SizeSel_2P_5_Survey_om","SizeSel_2P_6_Survey_om","AgeSel_1P_1_Fishery_om","AgeSel_1P_2_Fishery_om","AgeSel_2P_1_Survey_om","AgeSel_2P_2_Survey_om","AgeSel_3P_1_CPUE_om","AgeSel_3P_2_CPUE_om","Catch_endyear_om","NLL_TOTAL_om","NLL_Catch_om","NLL_Equil_catch_om","NLL_Survey_om","NLL_Discard_om","NLL_Mean_body_wt_om","NLL_Length_comp_om","NLL_Age_comp_om","NLL_Size_at_age_om","NLL_SizeFreq_om","NLL_Morphcomp_om","NLL_Tag_comp_om","NLL_Tag_negbin_om","NLL_Recruitment_om","NLL_Forecast_Recruitment_om","NLL_Parm_priors_om","NLL_Parm_softbounds_om","NLL_Parm_devs_om","NLL_Crash_Pen_om","SSB_MSY_em","TotYield_MSY_em","SSB_Unfished_em","depletion_em","F_MSY_em","F_SPR_em","last_yr_early_em","first_yr_full_em","last_yr_full_em","first_yr_recent_em","max_bias_adj_em","params_on_bound_em","params_stuck_low_em","params_stuck_high_em","NatM_p_1_Fem_GP_1_em","L_at_Amin_Fem_GP_1_em","L_at_Amax_Fem_GP_1_em","VonBert_K_Fem_GP_1_em","CV_young_Fem_GP_1_em","CV_old_Fem_GP_1_em","Wtlen_1_Fem_em","Wtlen_2_Fem_em","Mat50._Fem_em","Mat_slope_Fem_em","Eggs.kg_inter_Fem_em","Eggs.kg_slope_wt_Fem_em","RecrDist_GP_1_em","RecrDist_Area_1_em","RecrDist_Seas_1_em","CohortGrowDev_em","SR_LN_R0_em","SR_BH_steep_em","SR_sigmaR_em","SR_envlink_em","SR_R1_offset_em","SR_autocorr_em","ForeRecr_81_em","ForeRecr_82_em","ForeRecr_83_em","ForeRecr_84_em","ForeRecr_85_em","ForeRecr_86_em","ForeRecr_87_em","ForeRecr_88_em","ForeRecr_89_em","ForeRecr_90_em","ForeRecr_91_em","ForeRecr_92_em","ForeRecr_93_em","ForeRecr_94_em","ForeRecr_95_em","ForeRecr_96_em","ForeRecr_97_em","ForeRecr_98_em","ForeRecr_99_em","ForeRecr_100_em","Impl_err_81_em","Impl_err_82_em","Impl_err_83_em","Impl_err_84_em","Impl_err_85_em","Impl_err_86_em","Impl_err_87_em","Impl_err_88_em","Impl_err_89_em","Impl_err_90_em","Impl_err_91_em","Impl_err_92_em","Impl_err_93_em","Impl_err_94_em","Impl_err_95_em","Impl_err_96_em","Impl_err_97_em","Impl_err_98_em","Impl_err_99_em","Impl_err_100_em","InitF_1Fishery_em","Q_base_1_Fishery_em","Q_base_2_Survey_em","Q_base_3_CPUE_em","SizeSel_1P_1_Fishery_em","SizeSel_1P_2_Fishery_em","SizeSel_1P_3_Fishery_em","SizeSel_1P_4_Fishery_em","SizeSel_1P_5_Fishery_em","SizeSel_1P_6_Fishery_em","SizeSel_2P_1_Survey_em","SizeSel_2P_2_Survey_em","SizeSel_2P_3_Survey_em","SizeSel_2P_4_Survey_em","SizeSel_2P_5_Survey_em","SizeSel_2P_6_Survey_em","AgeSel_1P_1_Fishery_em","AgeSel_1P_2_Fishery_em","AgeSel_2P_1_Survey_em","AgeSel_2P_2_Survey_em","AgeSel_3P_1_CPUE_em","AgeSel_3P_2_CPUE_em","Catch_endyear_em","NLL_TOTAL_em","NLL_Catch_em","NLL_Equil_catch_em","NLL_Survey_em","NLL_Discard_em","NLL_Mean_body_wt_em","NLL_Length_comp_em","NLL_Age_comp_em","NLL_Size_at_age_em","NLL_SizeFreq_em","NLL_Morphcomp_em","NLL_Tag_comp_em","NLL_Tag_negbin_em","NLL_Recruitment_em","NLL_Forecast_Recruitment_em","NLL_Parm_priors_em","NLL_Parm_softbounds_em","NLL_Parm_devs_em","NLL_Crash_Pen_em","bias.converged","bias.tried","scenario","replicate","A","D","E","F","L","species","max_grad","version","RunTime","hessian","Niterations","ID"
"1",1418010000,164172000,4084180000,0.989057779040101,0.113955,0.127929,1,1,100,100,0,0.2,20,132,0.2,0.1,0.1,6.8e-06,3.101,38.18,-0.276,1,0,0,0,0,1,18.7,0.65,0.4,0,0,0,0,0,0,0,50.8,-3,5.1,15,-999,999,41.8,-4,5.2,14,-99,99,0.1,100,0.1,100,0.1,100,0,4438.46,5.62863e-07,0,-32.1888,NA,NA,560.797,3868.95,NA,NA,NA,NA,NA,40.6476,0,0,0,0,0,1.484e+09,172539000,4267930000,0.327109394952588,0.114546,0.128768,7.39015,34.121,77.8427,79.416,0.911,0,NA,NA,0.2,18.3864,130.521,0.212567,0.107702,0.0987517,6.8e-06,3.101,38.18,-0.276,1,0,0,0,0,1,18.7334,0.65,0.4,0,0,-0.125049,0.00266842,-0.000334302,4.16498e-05,-5.51592e-06,7.54395e-07,-1.05765e-06,-1.36668e-06,5.79529e-07,1.31201e-06,-9.95053e-07,2.00758e-07,3.50339e-08,-2.3588e-08,3.87109e-09,9.74349e-11,-1.4502e-10,2.58558e-11,-1.71596e-12,-1.72307e-13,3.90799e-14,0,0,0,0,0,0,0,0,0,0,0,0,0,0,0,0,0,0,0,0,0,0,-0.0035602,0,47.2499,-3,4.81892,15,-999,999,36.049,-4,3.91676,14,-99,99,0.1,100,0.1,100,0.1,100,0,996.326,1.57567e-14,0,-39.8628,NA,NA,730.045,332.228,NA,NA,NA,NA,NA,-26.0855,2.06519e-11,0,0.00121486,0,0,2,2,"A100-D0-E20-F1-L100-cay",1,"A100","D0","E20","F1","L100","cay",0.0024998,"#V3.24f",2.58333333333333,TRUE,958,"A100-D0-E20-F1-L100-cay-1"
"2",1418010000,164172000,4084180000,0.892198678804558,0.113955,0.127929,1,1,100,100,0,0.2,20,132,0.2,0.1,0.1,6.8e-06,3.101,38.18,-0.276,1,0,0,0,0,1,18.7,0.65,0.4,0,0,0,0,0,0,0,50.8,-3,5.1,15,-999,999,41.8,-4,5.2,14,-99,99,0.1,100,0.1,100,0.1,100,0,4467.15,5.34695e-07,0,-32.1888,NA,NA,557.774,3869.62,NA,NA,NA,NA,NA,71.6954,0,0,0,0,0,1435720000,164891000,4125140000,0.272776196686658,0.11309,0.127231,7.39015,34.121,77.8427,79.416,0.911,0,NA,NA,0.2,19.1298,131.36,0.205773,0.0983686,0.0970801,6.8e-06,3.101,38.18,-0.276,1,0,0,0,0,1,18.7067,0.65,0.4,0,0,-0.146316,-0.00367975,0.00053852,-7.88603e-05,1.13194e-05,-1.53255e-06,1.41655e-07,-1.09723e-07,2.36899e-07,-3.39446e-07,4.65553e-07,1.55792e-08,-2.11791e-07,4.84421e-07,9.22275e-08,-8.85934e-07,-1.24416e-08,1.00846e-06,-7.15662e-07,8.44335e-08,1.1348e-07,0,0,0,0,0,0,0,0,0,0,0,0,0,0,0,0,0,0,0,0,0,0,0.0745483,0,44.4873,-3,4.37878,15,-999,999,37.4761,-4,4.23303,14,-99,99,0.1,100,0.1,100,0.1,100,0,1000.38,4.29709e-14,0,-35.4051,NA,NA,724.296,326.964,NA,NA,NA,NA,NA,-15.4731,9.06902e-12,0,0.0012312,0,0,2,2,"A100-D0-E20-F1-L100-cay",2,"A100","D0","E20","F1","L100","cay",0.000544511,"#V3.24f",2.65,TRUE,1019,"A100-D0-E20-F1-L100-cay-2"
"3",1418010000,164172000,4084180000,0.989057779040101,0.113955,0.127929,1,1,100,100,0,0.2,20,132,0.2,0.1,0.1,6.8e-06,3.101,38.18,-0.276,1,0,0,0,0,1,18.7,0.65,0.4,0,0,0,0,0,0,0,50.8,-3,5.1,15,-999,999,41.8,-4,5.2,14,-99,99,0.1,100,0.1,100,0.1,100,0,4438.46,5.62863e-07,0,-32.1888,NA,NA,560.797,3868.95,NA,NA,NA,NA,NA,40.6476,0,0,0,0,0,1482820000,172399000,4264530000,0.330172375384861,0.114545,0.128766,7.39015,34.121,77.8427,79.416,0.911,0,NA,NA,0.2,18.3869,130.53,0.212532,0.107744,0.0986608,6.8e-06,3.101,38.18,-0.276,1,0,0,0,0,1,18.7326,0.65,0.4,0,0,-0.25,0.0112231,-0.00280577,0.000701561,-0.000175255,4.36e-05,-1.05575e-05,2.53021e-06,-5.18234e-07,8.5054e-07,1.97726e-07,1.23394e-06,1.72635e-07,-9.92908e-07,1.41678e-06,-1.85914e-06,1.1804e-07,1.47776e-06,-1.65651e-06,1.6748e-06,3.89203e-07,0,0,0,0,0,0,0,0,0,0,0,0,0,0,0,0,0,0,0,0,0,0,-0.00638743,0,47.2578,-3,4.8193,15,-999,999,36.042,-4,3.91551,14,-99,99,0.1,100,0.1,100,0.1,100,0,996.95,1.54786e-14,0,-39.8797,NA,NA,730.179,332.451,NA,NA,NA,NA,NA,-25.8017,4.53667e-11,0,0.0012151,0,0,2,2,"A100-D0-E20-F1-L100-cayt",1,"A100","D0","E20","F1","L100","cayt",0.000120427,"#V3.24f",2.51666666666667,TRUE,958,"A100-D0-E20-F1-L100-cayt-1"
"4",1418010000,164172000,4084180000,0.892198678804558,0.113955,0.127929,1,1,100,100,0,0.2,20,132,0.2,0.1,0.1,6.8e-06,3.101,38.18,-0.276,1,0,0,0,0,1,18.7,0.65,0.4,0,0,0,0,0,0,0,50.8,-3,5.1,15,-999,999,41.8,-4,5.2,14,-99,99,0.1,100,0.1,100,0.1,100,0,4467.15,5.34695e-07,0,-32.1888,NA,NA,557.774,3869.62,NA,NA,NA,NA,NA,71.6954,0,0,0,0,0,1431950000,164396000,4114140000,0.273819072758827,0.113049,0.12719,7.39015,34.121,77.8427,79.416,0.911,0,NA,NA,0.2,19.1271,131.44,0.20559,0.0984483,0.0968487,6.8e-06,3.101,38.18,-0.276,1,0,0,0,0,1,18.7031,0.65,0.4,0,0,-0.25,-0.00973033,0.00243223,-0.000608236,0.000151992,-3.82939e-05,9.52932e-06,-2.04522e-06,6.58834e-07,-1.38616e-07,2.11112e-07,-2.04075e-07,-3.43391e-07,7.08162e-09,1.41173e-08,3.9402e-08,5.20855e-07,7.61581e-07,4.04736e-07,2.57916e-07,3.39276e-07,0,0,0,0,0,0,0,0,0,0,0,0,0,0,0,0,0,0,0,0,0,0,0.0747315,0,44.4874,-3,4.37844,15,-999,999,37.4747,-4,4.23065,14,-99,99,0.1,100,0.1,100,0.1,100,0,1001.01,4.45405e-14,0,-35.3181,NA,NA,724.457,327.013,NA,NA,NA,NA,NA,-15.1425,7.78405e-12,0,0.00123172,0,0,2,2,"A100-D0-E20-F1-L100-cayt",2,"A100","D0","E20","F1","L100","cayt",5.44845e-05,"#V3.24f",2.51666666666667,TRUE,955,"A100-D0-E20-F1-L100-cayt-2"
"5",1418010000,164172000,4084180000,0.989057779040101,0.113955,0.127929,1,1,100,100,0,0.2,20,132,0.2,0.1,0.1,6.8e-06,3.101,38.18,-0.276,1,0,0,0,0,1,18.7,0.65,0.4,0,0,0,0,0,0,0,50.8,-3,5.1,15,-999,999,41.8,-4,5.2,14,-99,99,0.1,100,0.1,100,0.1,100,0,4438.46,5.62863e-07,0,-32.1888,NA,NA,560.797,3868.95,NA,NA,NA,NA,NA,40.6476,0,0,0,0,0,1482830000,172402000,4264590000,0.330069244640165,0.114545,0.128766,7.39015,34.121,77.8427,79.416,0.911,0,NA,NA,0.2,18.3868,130.53,0.212533,0.107743,0.0986636,6.8e-06,3.101,38.18,-0.276,1,0,0,0,0,1,18.7326,0.65,0.4,0,0,-0.24615,0.0108772,-0.00267753,0.000659166,-0.00016209,3.97424e-05,-9.84223e-06,2.3684e-06,-5.69345e-07,5.42597e-07,-1.10382e-07,7.50008e-07,-1.83918e-08,-4.70976e-07,1.41381e-06,-1.04349e-06,1.62499e-07,4.19781e-07,-1.58834e-06,2.52427e-07,3.45544e-07,0,0,0,0,0,0,0,0,0,0,0,0,0,0,0,0,0,0,0,0,0,0,-0.00628545,0,47.2575,-3,4.81928,15,-999,999,36.0422,-4,3.91553,14,-99,99,0.1,100,0.1,100,0.1,100,0,996.911,1.54892e-14,0,-39.8792,NA,NA,730.171,332.441,NA,NA,NA,NA,NA,-25.8232,1.92879e-11,0,0.0012151,0,0,2,2,"A100-D0-E20-F1-L100-cayx",1,"A100","D0","E20","F1","L100","cayx",8.08651e-05,"#V3.24f",2.53333333333333,TRUE,955,"A100-D0-E20-F1-L100-cayx-1"
"6",1418010000,164172000,4084180000,0.892198678804558,0.113955,0.127929,1,1,100,100,0,0.2,20,132,0.2,0.1,0.1,6.8e-06,3.101,38.18,-0.276,1,0,0,0,0,1,18.7,0.65,0.4,0,0,0,0,0,0,0,50.8,-3,5.1,15,-999,999,41.8,-4,5.2,14,-99,99,0.1,100,0.1,100,0.1,100,0,4467.15,5.34695e-07,0,-32.1888,NA,NA,557.774,3869.62,NA,NA,NA,NA,NA,71.6954,0,0,0,0,0,1430420000,164177000,4109610000,0.274400733889591,0.113021,0.12716,7.39015,34.121,77.8427,79.416,0.911,0,NA,NA,0.2,19.1261,131.496,0.205462,0.0984983,0.0966784,6.8e-06,3.101,38.18,-0.276,1,0,0,0,0,1,18.7015,0.65,0.4,0,0,-0.314411,-0.0149406,0.00469751,-0.00147698,0.000464339,-0.000145939,4.58524e-05,-1.44381e-05,4.64874e-06,-1.41598e-06,3.11608e-07,-2.05025e-07,2.04939e-07,-3.4767e-08,2.67768e-07,2.92415e-07,-3.59508e-07,1.67634e-07,-3.66031e-07,-1.06802e-07,1.0865e-07,0,0,0,0,0,0,0,0,0,0,0,0,0,0,0,0,0,0,0,0,0,0,0.0747247,0,44.4874,-3,4.37822,15,-999,999,37.4742,-4,4.22939,14,-99,99,0.1,100,0.1,100,0.1,100,0,1002.09,4.56073e-14,0,-35.2493,NA,NA,724.654,327.219,NA,NA,NA,NA,NA,-14.5403,1.76086e-12,0,0.00123201,0,0,2,2,"A100-D0-E20-F1-L100-cayx",2,"A100","D0","E20","F1","L100","cayx",5.24446e-05,"#V3.24f",2.56666666666667,TRUE,969,"A100-D0-E20-F1-L100-cayx-2"
"7",1418010000,164172000,4084180000,0.989057779040101,0.113955,0.127929,1,1,100,100,0,0.2,20,132,0.2,0.1,0.1,6.8e-06,3.101,38.18,-0.276,1,0,0,0,0,1,18.7,0.65,0.4,0,0,0,0,0,0,0,50.8,-3,5.1,15,-999,999,41.8,-4,5.2,14,-99,99,0.1,100,0.1,100,0.1,100,0,4438.46,5.62863e-07,0,-32.1888,NA,NA,560.797,3868.95,NA,NA,NA,NA,NA,40.6476,0,0,0,0,0,1486300000,172806000,4274520000,0.324368584074937,0.114545,0.128767,7.39015,34.121,77.8427,79.416,0.911,0,NA,NA,0.2,18.389,130.508,0.212583,0.10764,0.0988283,6.8e-06,3.101,38.18,-0.276,1,0,0,0,0,1,18.7351,0.65,0.4,0,0,0,0,0,0,0,0,0,0,0,0,0,0,0,0,0,0,0,0,0,0,0,0,0,0,0,0,0,0,0,0,0,0,0,0,0,0,0,0,0,0,0,0,0,-0.00153813,0,47.2457,-3,4.81908,15,-999,999,36.0585,-4,3.91903,14,-99,99,0.1,100,0.1,100,0.1,100,0,996.919,1.59217e-14,0,-39.846,NA,NA,730.125,332.2,NA,NA,NA,NA,NA,-25.5608,0,0,0.00121429,0,0,2,2,"A100-D0-E20-F1-L100-cayz",1,"A100","D0","E20","F1","L100","cayz",7.61412e-05,"#V3.24f",2.28333333333333,TRUE,825,"A100-D0-E20-F1-L100-cayz-1"
"8",1418010000,164172000,4084180000,0.892198678804558,0.113955,0.127929,1,1,100,100,0,0.2,20,132,0.2,0.1,0.1,6.8e-06,3.101,38.18,-0.276,1,0,0,0,0,1,18.7,0.65,0.4,0,0,0,0,0,0,0,50.8,-3,5.1,15,-999,999,41.8,-4,5.2,14,-99,99,0.1,100,0.1,100,0.1,100,0,4467.15,5.34695e-07,0,-32.1888,NA,NA,557.774,3869.62,NA,NA,NA,NA,NA,71.6954,0,0,0,0,0,1443590000,165869000,4147950000,0.271018213816464,0.11314,0.127281,7.39015,34.121,77.8427,79.416,0.911,0,NA,NA,0.2,19.1353,131.261,0.205991,0.0982563,0.0973303,6.8e-06,3.101,38.18,-0.276,1,0,0,0,0,1,18.7132,0.65,0.4,0,0,0,0,0,0,0,0,0,0,0,0,0,0,0,0,0,0,0,0,0,0,0,0,0,0,0,0,0,0,0,0,0,0,0,0,0,0,0,0,0,0,0,0,0,0.0739562,0,44.4869,-3,4.3792,15,-999,999,37.4783,-4,4.23708,14,-99,99,0.1,100,0.1,100,0.1,100,0,1001.55,4.09714e-14,0,-35.494,NA,NA,724.334,327.446,NA,NA,NA,NA,NA,-14.7354,0,0,0.00123034,0,0,2,2,"A100-D0-E20-F1-L100-cayz",2,"A100","D0","E20","F1","L100","cayz",3.09902e-05,"#V3.24f",2.31666666666667,TRUE,851,"A100-D0-E20-F1-L100-cayz-2"
"9",1418010000,164172000,4084180000,1.02457776101935,0.113955,0.127929,1,1,100,100,0,0.2,20,132,0.2,0.1,0.1,6.8e-06,3.101,38.18,-0.276,1,0,0,0,0,1,18.7,0.65,0.4,0,0,0,0,0,0,0,50.8,-3,5.1,15,-999,999,41.8,-4,5.2,14,-99,99,0.1,100,0.1,100,0.1,100,0,4432.43,5.38993e-07,0,-32.1888,NA,NA,561.04,3862.98,NA,NA,NA,NA,NA,40.3498,0,0,0,0,0,1508780000,172548000,4338630000,0.324955112558573,0.112663,0.126664,6.8872,33.3161,77.8459,79.3536,0.9096,0,NA,NA,0.2,20.1435,135.297,0.195285,0.102353,0.0837051,6.8e-06,3.101,38.18,-0.276,1,0,0,0,0,1,18.7164,0.65,0.4,0,0,0.00356111,-2.09359e-05,-8.03633e-11,0,0,0,0,0,0,0,0,0,0,0,0,0,0,0,0,0,0,0,0,0,0,0,0,0,0,0,0,0,0,0,0,0,0,0,0,0,0,0,0,-0.0242673,0,50.7023,-3,5.07596,15,-999,999,43.785,-4,5.73216,14,-99,99,0.1,100,0.1,100,0.1,100,0,943.721,1.21085e-14,0,-40.1763,NA,NA,694.542,316.418,NA,NA,NA,NA,NA,-27.0633,3.42956e-10,0,0.000827548,0,0,2,2,"A100-D0-E20-F1-L100-cby",1,"A100","D0","E20","F1","L100","cby",0.068702,"#V3.24f",2.63333333333333,TRUE,836,"A100-D0-E20-F1-L100-cby-1"
"10",1418010000,164172000,4084180000,0.879669848047833,0.113955,0.127929,1,1,100,100,0,0.2,20,132,0.2,0.1,0.1,6.8e-06,3.101,38.18,-0.276,1,0,0,0,0,1,18.7,0.65,0.4,0,0,0,0,0,0,0,50.8,-3,5.1,15,-999,999,41.8,-4,5.2,14,-99,99,0.1,100,0.1,100,0.1,100,0,4432.26,5.85615e-07,0,-32.1888,NA,NA,556.721,3838.19,NA,NA,NA,NA,NA,69.29,0,0,0,0,0,1469420000,167486000,4223700000,0.278632478632479,0.112214,0.126199,6.8872,33.3161,77.8459,79.3536,0.9096,0,NA,NA,0.2,20.3615,133.975,0.194857,0.0986042,0.0942232,6.8e-06,3.101,38.18,-0.276,1,0,0,0,0,1,18.7145,0.65,0.4,0,0,0.0208195,7.90539e-06,0,0,0,0,0,0,0,0,0,0,0,0,0,0,0,0,0,0,0,0,0,0,0,0,0,0,0,0,0,0,0,0,0,0,0,0,0,0,0,0,0,0.0401049,0,49.5986,-3,5.00469,15,-999,999,41.3936,-4,5.03752,14,-99,99,0.1,100,0.1,100,0.1,100,0,1029.87,2.71104e-14,0,-36.1158,NA,NA,763.765,321.08,NA,NA,NA,NA,NA,-18.8613,4.30913e-09,0,0.000940671,0,0,2,2,"A100-D0-E20-F1-L100-cby",2,"A100","D0","E20","F1","L100","cby",0.0618578,"#V3.24f",2.65,TRUE,840,"A100-D0-E20-F1-L100-cby-2"
"11",1418010000,164172000,4084180000,1.02457776101935,0.113955,0.127929,1,1,100,100,0,0.2,20,132,0.2,0.1,0.1,6.8e-06,3.101,38.18,-0.276,1,0,0,0,0,1,18.7,0.65,0.4,0,0,0,0,0,0,0,50.8,-3,5.1,15,-999,999,41.8,-4,5.2,14,-99,99,0.1,100,0.1,100,0.1,100,0,4432.43,5.38993e-07,0,-32.1888,NA,NA,561.04,3862.98,NA,NA,NA,NA,NA,40.3498,0,0,0,0,0,1508880000,172561000,4338930000,0.325031747458475,0.112664,0.126665,6.8872,33.3161,77.8459,79.3536,0.9096,0,NA,NA,0.2,20.1433,135.295,0.19529,0.102354,0.0837089,6.8e-06,3.101,38.18,-0.276,1,0,0,0,0,1,18.7165,0.65,0.4,0,0,0,0,0,0,0,0,0,0,0,0,0,0,0,0,0,0,0,0,0,0,0,0,0,0,0,0,0,0,0,0,0,0,0,0,0,0,0,0,0,0,0,0,0,-0.0243598,0,50.7014,-3,5.07583,15,-999,999,43.784,-4,5.732,14,-99,99,0.1,100,0.1,100,0.1,100,0,943.722,1.21004e-14,0,-40.1763,NA,NA,694.548,316.416,NA,NA,NA,NA,NA,-27.0665,0,0,0.000827589,0,0,2,2,"A100-D0-E20-F1-L100-cbyt",1,"A100","D0","E20","F1","L100","cbyt",6.34755e-06,"#V3.24f",2.45,TRUE,824,"A100-D0-E20-F1-L100-cbyt-1"
"12",1418010000,164172000,4084180000,0.879669848047833,0.113955,0.127929,1,1,100,100,0,0.2,20,132,0.2,0.1,0.1,6.8e-06,3.101,38.18,-0.276,1,0,0,0,0,1,18.7,0.65,0.4,0,0,0,0,0,0,0,50.8,-3,5.1,15,-999,999,41.8,-4,5.2,14,-99,99,0.1,100,0.1,100,0.1,100,0,4432.26,5.85615e-07,0,-32.1888,NA,NA,556.721,3838.19,NA,NA,NA,NA,NA,69.29,0,0,0,0,0,1469170000,167438000,4222940000,0.278647103676586,0.112202,0.126186,6.8872,33.3161,77.8459,79.3536,0.9096,0,NA,NA,0.2,20.3618,133.999,0.194798,0.0986248,0.0941512,6.8e-06,3.101,38.18,-0.276,1,0,0,0,0,1,18.7141,0.65,0.4,0,0,0,0,0,0,0,0,0,0,0,0,0,0,0,0,0,0,0,0,0,0,0,0,0,0,0,0,0,0,0,0,0,0,0,0,0,0,0,0,0,0,0,0,0,0.0402316,0,49.6033,-3,5.00527,15,-999,999,41.3939,-4,5.03702,14,-99,99,0.1,100,0.1,100,0.1,100,0,1029.89,2.7334e-14,0,-36.1055,NA,NA,763.741,321.103,NA,NA,NA,NA,NA,-18.848,0,0,0.000940645,0,0,2,2,"A100-D0-E20-F1-L100-cbyt",2,"A100","D0","E20","F1","L100","cbyt",0.000135285,"#V3.24f",2.51666666666667,TRUE,874,"A100-D0-E20-F1-L100-cbyt-2"
"13",1418010000,164172000,4084180000,1.02457776101935,0.113955,0.127929,1,1,100,100,0,0.2,20,132,0.2,0.1,0.1,6.8e-06,3.101,38.18,-0.276,1,0,0,0,0,1,18.7,0.65,0.4,0,0,0,0,0,0,0,50.8,-3,5.1,15,-999,999,41.8,-4,5.2,14,-99,99,0.1,100,0.1,100,0.1,100,0,4432.43,5.38993e-07,0,-32.1888,NA,NA,561.04,3862.98,NA,NA,NA,NA,NA,40.3498,0,0,0,0,0,1508780000,172548000,4338630000,0.324955112558573,0.112663,0.126664,6.8872,33.3161,77.8459,79.3536,0.9096,0,NA,NA,0.2,20.1435,135.297,0.195285,0.102353,0.0837051,6.8e-06,3.101,38.18,-0.276,1,0,0,0,0,1,18.7164,0.65,0.4,0,0,0.00356111,-2.09359e-05,-8.03633e-11,0,0,0,0,0,0,0,0,0,0,0,0,0,0,0,0,0,0,0,0,0,0,0,0,0,0,0,0,0,0,0,0,0,0,0,0,0,0,0,0,-0.0242673,0,50.7023,-3,5.07596,15,-999,999,43.785,-4,5.73216,14,-99,99,0.1,100,0.1,100,0.1,100,0,943.721,1.21085e-14,0,-40.1763,NA,NA,694.542,316.418,NA,NA,NA,NA,NA,-27.0633,3.42956e-10,0,0.000827548,0,0,2,2,"A100-D0-E20-F1-L100-cbyx",1,"A100","D0","E20","F1","L100","cbyx",0.068702,"#V3.24f",2.63333333333333,TRUE,836,"A100-D0-E20-F1-L100-cbyx-1"
"14",1418010000,164172000,4084180000,0.879669848047833,0.113955,0.127929,1,1,100,100,0,0.2,20,132,0.2,0.1,0.1,6.8e-06,3.101,38.18,-0.276,1,0,0,0,0,1,18.7,0.65,0.4,0,0,0,0,0,0,0,50.8,-3,5.1,15,-999,999,41.8,-4,5.2,14,-99,99,0.1,100,0.1,100,0.1,100,0,4432.26,5.85615e-07,0,-32.1888,NA,NA,556.721,3838.19,NA,NA,NA,NA,NA,69.29,0,0,0,0,0,1469420000,167486000,4223700000,0.278632478632479,0.112214,0.126199,6.8872,33.3161,77.8459,79.3536,0.9096,0,NA,NA,0.2,20.3615,133.975,0.194857,0.0986042,0.0942232,6.8e-06,3.101,38.18,-0.276,1,0,0,0,0,1,18.7145,0.65,0.4,0,0,0.0208195,7.90539e-06,0,0,0,0,0,0,0,0,0,0,0,0,0,0,0,0,0,0,0,0,0,0,0,0,0,0,0,0,0,0,0,0,0,0,0,0,0,0,0,0,0,0.0401049,0,49.5986,-3,5.00469,15,-999,999,41.3936,-4,5.03752,14,-99,99,0.1,100,0.1,100,0.1,100,0,1029.87,2.71104e-14,0,-36.1158,NA,NA,763.765,321.08,NA,NA,NA,NA,NA,-18.8613,4.30913e-09,0,0.000940671,0,0,2,2,"A100-D0-E20-F1-L100-cbyx",2,"A100","D0","E20","F1","L100","cbyx",0.0618578,"#V3.24f",2.65,TRUE,840,"A100-D0-E20-F1-L100-cbyx-2"
"15",1418010000,164172000,4084180000,1.02457776101935,0.113955,0.127929,1,1,100,100,0,0.2,20,132,0.2,0.1,0.1,6.8e-06,3.101,38.18,-0.276,1,0,0,0,0,1,18.7,0.65,0.4,0,0,0,0,0,0,0,50.8,-3,5.1,15,-999,999,41.8,-4,5.2,14,-99,99,0.1,100,0.1,100,0.1,100,0,4432.43,5.38993e-07,0,-32.1888,NA,NA,561.04,3862.98,NA,NA,NA,NA,NA,40.3498,0,0,0,0,0,1508880000,172561000,4338930000,0.325031747458475,0.112664,0.126665,6.8872,33.3161,77.8459,79.3536,0.9096,0,NA,NA,0.2,20.1433,135.295,0.19529,0.102354,0.0837089,6.8e-06,3.101,38.18,-0.276,1,0,0,0,0,1,18.7165,0.65,0.4,0,0,0,0,0,0,0,0,0,0,0,0,0,0,0,0,0,0,0,0,0,0,0,0,0,0,0,0,0,0,0,0,0,0,0,0,0,0,0,0,0,0,0,0,0,-0.0243598,0,50.7014,-3,5.07583,15,-999,999,43.784,-4,5.732,14,-99,99,0.1,100,0.1,100,0.1,100,0,943.722,1.21004e-14,0,-40.1763,NA,NA,694.548,316.416,NA,NA,NA,NA,NA,-27.0665,0,0,0.000827589,0,0,2,2,"A100-D0-E20-F1-L100-cbyz",1,"A100","D0","E20","F1","L100","cbyz",6.34755e-06,"#V3.24f",2.43333333333333,TRUE,824,"A100-D0-E20-F1-L100-cbyz-1"
"16",1418010000,164172000,4084180000,0.879669848047833,0.113955,0.127929,1,1,100,100,0,0.2,20,132,0.2,0.1,0.1,6.8e-06,3.101,38.18,-0.276,1,0,0,0,0,1,18.7,0.65,0.4,0,0,0,0,0,0,0,50.8,-3,5.1,15,-999,999,41.8,-4,5.2,14,-99,99,0.1,100,0.1,100,0.1,100,0,4432.26,5.85615e-07,0,-32.1888,NA,NA,556.721,3838.19,NA,NA,NA,NA,NA,69.29,0,0,0,0,0,1469170000,167438000,4222940000,0.278647103676586,0.112202,0.126186,6.8872,33.3161,77.8459,79.3536,0.9096,0,NA,NA,0.2,20.3618,133.999,0.194798,0.0986248,0.0941512,6.8e-06,3.101,38.18,-0.276,1,0,0,0,0,1,18.7141,0.65,0.4,0,0,0,0,0,0,0,0,0,0,0,0,0,0,0,0,0,0,0,0,0,0,0,0,0,0,0,0,0,0,0,0,0,0,0,0,0,0,0,0,0,0,0,0,0,0.0402316,0,49.6033,-3,5.00527,15,-999,999,41.3939,-4,5.03702,14,-99,99,0.1,100,0.1,100,0.1,100,0,1029.89,2.7334e-14,0,-36.1055,NA,NA,763.741,321.103,NA,NA,NA,NA,NA,-18.848,0,0,0.000940645,0,0,2,2,"A100-D0-E20-F1-L100-cbyz",2,"A100","D0","E20","F1","L100","cbyz",0.000135285,"#V3.24f",2.48333333333333,TRUE,874,"A100-D0-E20-F1-L100-cbyz-2"
"17",1418010000,164172000,4084180000,1.06996018784676,0.113955,0.127929,1,1,100,100,0,0.2,20,132,0.2,0.1,0.1,6.8e-06,3.101,38.18,-0.276,1,0,0,0,0,1,18.7,0.65,0.4,0,0,0,0,0,0,0,50.8,-3,5.1,15,-999,999,41.8,-4,5.2,14,-99,99,0.1,100,0.1,100,0.1,100,0,4426.51,5.0495e-07,0,-32.1888,NA,NA,561.484,3857.24,NA,NA,NA,NA,NA,39.7253,0,0,0,0,0,1532270000,177320000,4405070000,0.312921247562468,0.114016,0.128215,6.71955,33.8629,77.8372,79.5076,0.9104,0,NA,NA,0.2,19.0695,131.196,0.209733,0.0959582,0.103573,6.8e-06,3.101,38.18,-0.276,1,0,0,0,0,1,18.7557,0.65,0.4,0,0,0.0989959,-0.00214566,-5.61848e-09,0,0,0,0,0,0,0,0,0,0,0,0,0,0,0,0,0,0,0,0,0,0,0,0,0,0,0,0,0,0,0,0,0,0,0,0,0,0,0,0,0.0349783,0,47.3488,-3,4.79531,15,-999,999,40.0891,-4,4.78849,14,-99,99,0.1,100,0.1,100,0.1,100,0,940.543,2.68157e-14,0,-40.7508,NA,NA,700.28,308.035,NA,NA,NA,NA,NA,-27.0223,6.7578e-07,0,0.00102688,0,0,2,2,"A100-D0-E20-F1-L100-ccy",1,"A100","D0","E20","F1","L100","ccy",4.54373,"#V3.24f",3.23333333333333,TRUE,865,"A100-D0-E20-F1-L100-ccy-1"
"18",1418010000,164172000,4084180000,0.85965359019436,0.113955,0.127929,1,1,100,100,0,0.2,20,132,0.2,0.1,0.1,6.8e-06,3.101,38.18,-0.276,1,0,0,0,0,1,18.7,0.65,0.4,0,0,0,0,0,0,0,50.8,-3,5.1,15,-999,999,41.8,-4,5.2,14,-99,99,0.1,100,0.1,100,0.1,100,0,4389.57,6.77677e-07,0,-32.1888,NA,NA,554.208,3799.7,NA,NA,NA,NA,NA,67.6005,0,0,0,0,0,1458860000,167671000,4196320000,0.275767815609868,0.113144,0.127165,6.71955,33.8629,77.8372,79.5076,0.9104,0,NA,NA,0.2,19.6262,132.337,0.200337,0.100492,0.0981083,6.8e-06,3.101,38.18,-0.276,1,0,0,0,0,1,18.7221,0.65,0.4,0,0,0.146411,0.0173679,0.00254317,0.000372298,5.43342e-05,7.88648e-06,1.74224e-06,-2.26667e-07,2.85972e-07,-6.49033e-07,8.2911e-07,-3.23877e-07,3.79111e-07,7.77909e-07,-1.06253e-06,-2.01376e-07,-1.8065e-07,-1.50094e-06,-1.0401e-06,1.5395e-07,4.29452e-07,0,0,0,0,0,0,0,0,0,0,0,0,0,0,0,0,0,0,0,0,0,0,-0.011422,0,48.2023,-3,4.81615,15,-999,999,36.6765,-4,3.99523,14,-99,99,0.1,100,0.1,100,0.1,100,0,1034.35,1.50913e-14,0,-34.74,NA,NA,742.933,341.393,NA,NA,NA,NA,NA,-15.2396,2.41947e-11,0,0.00118816,0,0,2,2,"A100-D0-E20-F1-L100-ccy",2,"A100","D0","E20","F1","L100","ccy",7.16809e-05,"#V3.24f",3.43333333333333,TRUE,964,"A100-D0-E20-F1-L100-ccy-2"
"19",1418010000,164172000,4084180000,1.06996018784676,0.113955,0.127929,1,1,100,100,0,0.2,20,132,0.2,0.1,0.1,6.8e-06,3.101,38.18,-0.276,1,0,0,0,0,1,18.7,0.65,0.4,0,0,0,0,0,0,0,50.8,-3,5.1,15,-999,999,41.8,-4,5.2,14,-99,99,0.1,100,0.1,100,0.1,100,0,4426.51,5.0495e-07,0,-32.1888,NA,NA,561.484,3857.24,NA,NA,NA,NA,NA,39.7253,0,0,0,0,0,1533090000,177381000,4407340000,0.310300544092355,0.113994,0.128192,6.71955,33.8629,77.8372,79.5076,0.9104,0,NA,NA,0.2,19.0785,131.22,0.209627,0.0958965,0.103514,6.8e-06,3.101,38.18,-0.276,1,0,0,0,0,1,18.7561,0.65,0.4,0,0,0.25,-0.0083141,-0.0020787,-0.00051926,-0.00013022,-3.22709e-05,-7.88319e-06,-1.89849e-06,-4.95567e-07,3.44824e-07,6.98023e-07,4.84242e-07,-1.71987e-07,-2.4623e-07,-3.66996e-07,-9.04629e-07,4.65028e-07,-3.8433e-08,9.53536e-07,1.48291e-07,8.001e-08,0,0,0,0,0,0,0,0,0,0,0,0,0,0,0,0,0,0,0,0,0,0,0.0374764,0,47.3499,-3,4.79568,15,-999,999,40.1361,-4,4.79824,14,-99,99,0.1,100,0.1,100,0.1,100,0,941.473,2.72101e-14,0,-40.7612,NA,NA,700.239,308.358,NA,NA,NA,NA,NA,-26.3632,1.16599e-11,0,0.00102501,0,0,2,2,"A100-D0-E20-F1-L100-ccyt",1,"A100","D0","E20","F1","L100","ccyt",5.67785e-05,"#V3.24f",3.36666666666667,TRUE,952,"A100-D0-E20-F1-L100-ccyt-1"
"20",1418010000,164172000,4084180000,0.85965359019436,0.113955,0.127929,1,1,100,100,0,0.2,20,132,0.2,0.1,0.1,6.8e-06,3.101,38.18,-0.276,1,0,0,0,0,1,18.7,0.65,0.4,0,0,0,0,0,0,0,50.8,-3,5.1,15,-999,999,41.8,-4,5.2,14,-99,99,0.1,100,0.1,100,0.1,100,0,4389.57,6.77677e-07,0,-32.1888,NA,NA,554.208,3799.7,NA,NA,NA,NA,NA,67.6005,0,0,0,0,0,1464970000,168424000,4214010000,0.274353881457329,0.113177,0.127199,6.71955,33.8629,77.8372,79.5076,0.9104,0,NA,NA,0.2,19.626,132.269,0.200518,0.100413,0.0982407,6.8e-06,3.101,38.18,-0.276,1,0,0,0,0,1,18.727,0.65,0.4,0,0,0.25,0.0484318,0.012108,0.0030273,0.000756339,0.000189278,4.71204e-05,1.21122e-05,2.93409e-06,7.87585e-07,5.00498e-07,1.84783e-07,2.30707e-07,-5.7808e-07,-4.81032e-07,-2.66497e-07,4.12273e-10,8.58647e-07,2.80013e-08,3.48999e-07,-1.0622e-07,0,0,0,0,0,0,0,0,0,0,0,0,0,0,0,0,0,0,0,0,0,0,-0.0112458,0,48.1795,-3,4.81371,15,-999,999,36.6769,-4,3.9965,14,-99,99,0.1,100,0.1,100,0.1,100,0,1034.97,1.45836e-14,0,-34.8108,NA,NA,742.926,342.227,NA,NA,NA,NA,NA,-15.3692,7.10858e-12,0,0.00118839,0,0,2,2,"A100-D0-E20-F1-L100-ccyt",2,"A100","D0","E20","F1","L100","ccyt",8.43946e-05,"#V3.24f",3.5,TRUE,983,"A100-D0-E20-F1-L100-ccyt-2"
"21",1418010000,164172000,4084180000,1.06996018784676,0.113955,0.127929,1,1,100,100,0,0.2,20,132,0.2,0.1,0.1,6.8e-06,3.101,38.18,-0.276,1,0,0,0,0,1,18.7,0.65,0.4,0,0,0,0,0,0,0,50.8,-3,5.1,15,-999,999,41.8,-4,5.2,14,-99,99,0.1,100,0.1,100,0.1,100,0,4426.51,5.0495e-07,0,-32.1888,NA,NA,561.484,3857.24,NA,NA,NA,NA,NA,39.7253,0,0,0,0,0,1532270000,177320000,4405070000,0.312921247562468,0.114016,0.128215,6.71955,33.8629,77.8372,79.5076,0.9104,0,NA,NA,0.2,19.0695,131.196,0.209733,0.0959582,0.103573,6.8e-06,3.101,38.18,-0.276,1,0,0,0,0,1,18.7557,0.65,0.4,0,0,0.0989959,-0.00214566,-5.61848e-09,0,0,0,0,0,0,0,0,0,0,0,0,0,0,0,0,0,0,0,0,0,0,0,0,0,0,0,0,0,0,0,0,0,0,0,0,0,0,0,0,0.0349783,0,47.3488,-3,4.79531,15,-999,999,40.0891,-4,4.78849,14,-99,99,0.1,100,0.1,100,0.1,100,0,940.543,2.68157e-14,0,-40.7508,NA,NA,700.28,308.035,NA,NA,NA,NA,NA,-27.0223,6.7578e-07,0,0.00102688,0,0,2,2,"A100-D0-E20-F1-L100-ccyx",1,"A100","D0","E20","F1","L100","ccyx",4.54373,"#V3.24f",3.23333333333333,TRUE,865,"A100-D0-E20-F1-L100-ccyx-1"
"22",1418010000,164172000,4084180000,0.85965359019436,0.113955,0.127929,1,1,100,100,0,0.2,20,132,0.2,0.1,0.1,6.8e-06,3.101,38.18,-0.276,1,0,0,0,0,1,18.7,0.65,0.4,0,0,0,0,0,0,0,50.8,-3,5.1,15,-999,999,41.8,-4,5.2,14,-99,99,0.1,100,0.1,100,0.1,100,0,4389.57,6.77677e-07,0,-32.1888,NA,NA,554.208,3799.7,NA,NA,NA,NA,NA,67.6005,0,0,0,0,0,1.469e+09,168908000,4225630000,0.273483480569761,0.11319,0.127213,6.71955,33.8629,77.8372,79.5076,0.9104,0,NA,NA,0.2,19.6273,132.237,0.2006,0.100363,0.0982754,6.8e-06,3.101,38.18,-0.276,1,0,0,0,0,1,18.73,0.65,0.4,0,0,0.309295,0.0724938,0.0224218,0.00693595,0.00214406,0.000663163,0.000205776,6.29517e-05,2.09984e-05,4.72693e-06,2.08155e-06,4.12419e-07,3.95026e-07,4.5868e-08,2.92387e-07,-1.02121e-06,1.45229e-06,-7.9126e-07,-1.84221e-07,2.3154e-06,8.6733e-07,0,0,0,0,0,0,0,0,0,0,0,0,0,0,0,0,0,0,0,0,0,0,-0.0113204,0,48.1636,-3,4.81206,15,-999,999,36.6778,-4,3.99772,14,-99,99,0.1,100,0.1,100,0.1,100,0,1035.94,1.42839e-14,0,-34.8446,NA,NA,742.975,342.888,NA,NA,NA,NA,NA,-15.0821,7.24726e-11,0,0.00118847,0,0,2,2,"A100-D0-E20-F1-L100-ccyx",2,"A100","D0","E20","F1","L100","ccyx",0.000469119,"#V3.24f",3.4,TRUE,965,"A100-D0-E20-F1-L100-ccyx-2"
"23",1418010000,164172000,4084180000,1.06996018784676,0.113955,0.127929,1,1,100,100,0,0.2,20,132,0.2,0.1,0.1,6.8e-06,3.101,38.18,-0.276,1,0,0,0,0,1,18.7,0.65,0.4,0,0,0,0,0,0,0,50.8,-3,5.1,15,-999,999,41.8,-4,5.2,14,-99,99,0.1,100,0.1,100,0.1,100,0,4426.51,5.0495e-07,0,-32.1888,NA,NA,561.484,3857.24,NA,NA,NA,NA,NA,39.7253,0,0,0,0,0,1532730000,177390000,4406410000,0.314707437573898,0.114028,0.128227,6.71955,33.8629,77.8372,79.5076,0.9104,0,NA,NA,0.2,19.0643,131.188,0.209786,0.0960059,0.103537,6.8e-06,3.101,38.18,-0.276,1,0,0,0,0,1,18.756,0.65,0.4,0,0,0,0,0,0,0,0,0,0,0,0,0,0,0,0,0,0,0,0,0,0,0,0,0,0,0,0,0,0,0,0,0,0,0,0,0,0,0,0,0,0,0,0,0,0.0330152,0,47.3517,-3,4.79551,15,-999,999,40.06,-4,4.78266,14,-99,99,0.1,100,0.1,100,0.1,100,0,940.919,2.64915e-14,0,-40.7428,NA,NA,700.461,308.006,NA,NA,NA,NA,NA,-26.8064,0,0,0.00102792,0,0,2,2,"A100-D0-E20-F1-L100-ccyz",1,"A100","D0","E20","F1","L100","ccyz",0.00014466,"#V3.24f",3.03333333333333,TRUE,842,"A100-D0-E20-F1-L100-ccyz-1"
"24",1418010000,164172000,4084180000,0.85965359019436,0.113955,0.127929,1,1,100,100,0,0.2,20,132,0.2,0.1,0.1,6.8e-06,3.101,38.18,-0.276,1,0,0,0,0,1,18.7,0.65,0.4,0,0,0,0,0,0,0,50.8,-3,5.1,15,-999,999,41.8,-4,5.2,14,-99,99,0.1,100,0.1,100,0.1,100,0,4389.57,6.77677e-07,0,-32.1888,NA,NA,554.208,3799.7,NA,NA,NA,NA,NA,67.6005,0,0,0,0,0,1452060000,166787000,4176530000,0.277632388609683,0.113075,0.127094,6.71955,33.8629,77.8372,79.5076,0.9104,0,NA,NA,0.2,19.6313,132.46,0.199998,0.100585,0.0977721,6.8e-06,3.101,38.18,-0.276,1,0,0,0,0,1,18.7164,0.65,0.4,0,0,0,0,0,0,0,0,0,0,0,0,0,0,0,0,0,0,0,0,0,0,0,0,0,0,0,0,0,0,0,0,0,0,0,0,0,0,0,0,0,0,0,0,0,-0.0123293,0,48.2254,-3,4.81891,15,-999,999,36.6789,-4,3.99524,14,-99,99,0.1,100,0.1,100,0.1,100,0,1035.54,1.57829e-14,0,-34.6071,NA,NA,743.127,340.806,NA,NA,NA,NA,NA,-13.7914,0,0,0.00118759,0,0,2,2,"A100-D0-E20-F1-L100-ccyz",2,"A100","D0","E20","F1","L100","ccyz",1.71356e-07,"#V3.24f",3.05,TRUE,839,"A100-D0-E20-F1-L100-ccyz-2"
"25",1418010000,164172000,4084180000,1.12474474680352,0.113955,0.127929,1,1,100,100,0,0.2,20,132,0.2,0.1,0.1,6.8e-06,3.101,38.18,-0.276,1,0,0,0,0,1,18.7,0.65,0.4,0,0,0,0,0,0,0,50.8,-3,5.1,15,-999,999,41.8,-4,5.2,14,-99,99,0.1,100,0.1,100,0.1,100,0,4412.32,5.00891e-07,0,-32.1888,NA,NA,560.728,3846.35,NA,NA,NA,NA,NA,37.1762,0,0,0,0,0,1581800000,181828000,4547970000,0.332961738973652,0.113243,0.127332,5.13745,34.1686,78.1282,79.1342,0.9133,0,NA,NA,0.2,19.4898,133.635,0.201448,0.103441,0.0763777,6.8e-06,3.101,38.18,-0.276,1,0,0,0,0,1,18.7789,0.65,0.4,0,0,0.208496,0.000440939,9.20122e-05,1.906e-05,4.14096e-06,-4.61095e-07,4.3293e-08,6.91998e-07,-3.32219e-06,-2.35566e-06,-8.02181e-07,-2.64196e-06,-2.0081e-06,-3.40405e-08,4.89921e-07,1.94775e-07,3.96237e-09,-1.8903e-08,-6.19357e-09,-4.94077e-10,2.37187e-10,0,0,0,0,0,0,0,0,0,0,0,0,0,0,0,0,0,0,0,0,0,0,-0.0339038,0,49.3198,-3,4.97755,15,-999,999,42.0398,-4,5.31308,14,-99,99,0.1,100,0.1,100,0.1,100,0,943.837,1.17964e-14,0,-40.5871,NA,NA,722.111,291.207,NA,NA,NA,NA,NA,-28.8939,8.46192e-11,0,0.000903909,0,0,2,2,"A100-D0-E20-F1-L100-cdy",1,"A100","D0","E20","F1","L100","cdy",0.0024639,"#V3.24f",5.2,TRUE,950,"A100-D0-E20-F1-L100-cdy-1"
"26",1418010000,164172000,4084180000,0.822831021159694,0.113955,0.127929,1,1,100,100,0,0.2,20,132,0.2,0.1,0.1,6.8e-06,3.101,38.18,-0.276,1,0,0,0,0,1,18.7,0.65,0.4,0,0,0,0,0,0,0,50.8,-3,5.1,15,-999,999,41.8,-4,5.2,14,-99,99,0.1,100,0.1,100,0.1,100,0,4319.98,6.61015e-07,0,-32.1888,NA,NA,548.393,3738.82,NA,NA,NA,NA,NA,64.7084,0,0,0,0,0,1457630000,168135000,4196010000,0.267909275716693,0.11351,0.127488,5.13745,34.1686,78.1282,79.1342,0.9133,0,NA,NA,0.2,20.1761,131.759,0.199546,0.101011,0.0921047,6.8e-06,3.101,38.18,-0.276,1,0,0,0,0,1,18.7366,0.65,0.4,0,0,0.277954,0.0256328,0.00712444,0.00198033,0.000550576,0.000153195,4.23161e-05,1.12819e-05,3.09689e-06,9.19789e-07,4.34592e-07,-5.8237e-07,4.52782e-08,-7.13947e-07,7.93176e-07,6.32562e-08,-1.20017e-06,-2.38428e-07,-8.69144e-08,-2.29493e-06,-1.55173e-06,0,0,0,0,0,0,0,0,0,0,0,0,0,0,0,0,0,0,0,0,0,0,0.00169363,0,49.387,-3,4.96326,15,-999,999,40.4239,-4,4.7273,14,-99,99,0.1,100,0.1,100,0.1,100,0,973.412,1.67851e-14,0,-35.8831,NA,NA,709.218,316.931,NA,NA,NA,NA,NA,-16.8547,3.39984e-11,0,0.00100022,0,0,2,2,"A100-D0-E20-F1-L100-cdy",2,"A100","D0","E20","F1","L100","cdy",0.000107287,"#V3.24f",4.88333333333333,TRUE,983,"A100-D0-E20-F1-L100-cdy-2"
"27",1418010000,164172000,4084180000,1.12474474680352,0.113955,0.127929,1,1,100,100,0,0.2,20,132,0.2,0.1,0.1,6.8e-06,3.101,38.18,-0.276,1,0,0,0,0,1,18.7,0.65,0.4,0,0,0,0,0,0,0,50.8,-3,5.1,15,-999,999,41.8,-4,5.2,14,-99,99,0.1,100,0.1,100,0.1,100,0,4412.32,5.00891e-07,0,-32.1888,NA,NA,560.728,3846.35,NA,NA,NA,NA,NA,37.1762,0,0,0,0,0,1584940000,182111000,4556720000,0.32748336522762,0.113196,0.127286,5.13745,34.1686,78.1282,79.1342,0.9133,0,NA,NA,0.2,19.4911,133.707,0.201322,0.103441,0.0759329,6.8e-06,3.101,38.18,-0.276,1,0,0,0,0,1,18.78,0.65,0.4,0,0,0.5,-0.00714667,-0.00357342,-0.00178669,-0.000893321,-0.000446634,-0.00022325,-0.000111704,-5.59695e-05,-2.79879e-05,-1.39292e-05,-6.88011e-06,-3.25205e-06,-1.78853e-06,-1.0124e-06,-6.62161e-07,-1.33635e-07,-5.43975e-08,2.15836e-07,-2.63456e-07,-1.66572e-07,0,0,0,0,0,0,0,0,0,0,0,0,0,0,0,0,0,0,0,0,0,0,-0.0287739,0,49.2951,-3,4.97603,15,-999,999,42.066,-4,5.31587,14,-99,99,0.1,100,0.1,100,0.1,100,0,947.822,1.20162e-14,0,-40.6241,NA,NA,721.681,293.605,NA,NA,NA,NA,NA,-26.84,1.60445e-12,0,0.000903777,0,0,2,2,"A100-D0-E20-F1-L100-cdyt",1,"A100","D0","E20","F1","L100","cdyt",8.70423e-05,"#V3.24f",5.35,TRUE,934,"A100-D0-E20-F1-L100-cdyt-1"
"28",1418010000,164172000,4084180000,0.822831021159694,0.113955,0.127929,1,1,100,100,0,0.2,20,132,0.2,0.1,0.1,6.8e-06,3.101,38.18,-0.276,1,0,0,0,0,1,18.7,0.65,0.4,0,0,0,0,0,0,0,50.8,-3,5.1,15,-999,999,41.8,-4,5.2,14,-99,99,0.1,100,0.1,100,0.1,100,0,4319.98,6.61015e-07,0,-32.1888,NA,NA,548.393,3738.82,NA,NA,NA,NA,NA,64.7084,0,0,0,0,0,1476550000,170504000,4250910000,0.264437496912426,0.113633,0.127614,5.13745,34.1686,78.1282,79.1342,0.9133,0,NA,NA,0.2,20.1784,131.527,0.200194,0.100798,0.0926514,6.8e-06,3.101,38.18,-0.276,1,0,0,0,0,1,18.7514,0.65,0.4,0,0,0.5,0.0964509,0.0482254,0.0241128,0.0120563,0.00602814,0.0030141,0.00150702,0.000753514,0.000376844,0.000188308,9.41874e-05,4.70781e-05,2.35617e-05,1.17669e-05,5.99797e-06,2.87238e-06,1.48065e-06,7.07109e-07,3.56266e-07,2.49375e-07,0,0,0,0,0,0,0,0,0,0,0,0,0,0,0,0,0,0,0,0,0,0,-0.000357765,0,49.233,-3,4.94229,15,-999,999,40.3837,-4,4.73187,14,-99,99,0.1,100,0.1,100,0.1,100,0,976.862,1.52381e-14,0,-35.9777,NA,NA,709.626,319.291,NA,NA,NA,NA,NA,-16.0786,3.06771e-13,0,0.0010034,0,0,2,2,"A100-D0-E20-F1-L100-cdyt",2,"A100","D0","E20","F1","L100","cdyt",3.5403e-05,"#V3.24f",6,TRUE,1005,"A100-D0-E20-F1-L100-cdyt-2"
"29",1418010000,164172000,4084180000,1.12474474680352,0.113955,0.127929,1,1,100,100,0,0.2,20,132,0.2,0.1,0.1,6.8e-06,3.101,38.18,-0.276,1,0,0,0,0,1,18.7,0.65,0.4,0,0,0,0,0,0,0,50.8,-3,5.1,15,-999,999,41.8,-4,5.2,14,-99,99,0.1,100,0.1,100,0.1,100,0,4412.32,5.00891e-07,0,-32.1888,NA,NA,560.728,3846.35,NA,NA,NA,NA,NA,37.1762,0,0,0,0,0,1582340000,181847000,4549380000,0.329930671871772,0.113217,0.127306,5.13745,34.1686,78.1282,79.1342,0.9133,0,NA,NA,0.2,19.4906,133.673,0.201376,0.103443,0.0761631,6.8e-06,3.101,38.18,-0.276,1,0,0,0,0,1,18.7787,0.65,0.4,0,0,0.36861,-0.000816803,-0.000302121,-0.000111051,-4.07879e-05,-1.4617e-05,-4.71104e-06,-3.39437e-06,-1.13818e-06,-6.31296e-07,2.34223e-06,1.02768e-06,1.68856e-06,4.39778e-06,3.08341e-06,-1.42222e-07,-1.46963e-06,-1.01953e-06,-2.9932e-07,4.04878e-08,8.63429e-08,0,0,0,0,0,0,0,0,0,0,0,0,0,0,0,0,0,0,0,0,0,0,-0.0307719,0,49.3041,-3,4.97638,15,-999,999,42.0549,-4,5.31472,14,-99,99,0.1,100,0.1,100,0.1,100,0,944.911,1.19365e-14,0,-40.6093,NA,NA,721.764,292.187,NA,NA,NA,NA,NA,-28.4319,1.20998e-10,0,0.000903877,0,0,2,2,"A100-D0-E20-F1-L100-cdyx",1,"A100","D0","E20","F1","L100","cdyx",0.000183842,"#V3.24f",4.93333333333333,TRUE,932,"A100-D0-E20-F1-L100-cdyx-1"
"30",1418010000,164172000,4084180000,0.822831021159694,0.113955,0.127929,1,1,100,100,0,0.2,20,132,0.2,0.1,0.1,6.8e-06,3.101,38.18,-0.276,1,0,0,0,0,1,18.7,0.65,0.4,0,0,0,0,0,0,0,50.8,-3,5.1,15,-999,999,41.8,-4,5.2,14,-99,99,0.1,100,0.1,100,0.1,100,0,4319.98,6.61015e-07,0,-32.1888,NA,NA,548.393,3738.82,NA,NA,NA,NA,NA,64.7084,0,0,0,0,0,1478180000,170704000,4255630000,0.264155953407604,0.11364,0.127621,5.13745,34.1686,78.1282,79.1342,0.9133,0,NA,NA,0.2,20.1789,131.512,0.200237,0.100782,0.0926777,6.8e-06,3.101,38.18,-0.276,1,0,0,0,0,1,18.7527,0.65,0.4,0,0,0.515016,0.103159,0.0531285,0.027362,0.0140919,0.00725755,0.00373775,0.001925,0.000991408,0.000510591,0.000262963,0.00013543,6.97489e-05,3.59216e-05,1.85004e-05,9.52784e-06,4.90709e-06,2.52712e-06,1.30171e-06,6.70253e-07,3.45241e-07,0,0,0,0,0,0,0,0,0,0,0,0,0,0,0,0,0,0,0,0,0,0,-0.000619096,0,49.2188,-3,4.94039,15,-999,999,40.3797,-4,4.73229,14,-99,99,0.1,100,0.1,100,0.1,100,0,977.407,1.51206e-14,0,-35.9825,NA,NA,709.697,319.535,NA,NA,NA,NA,NA,-15.8428,1.87897e-18,0,0.00100369,0,0,2,2,"A100-D0-E20-F1-L100-cdyx",2,"A100","D0","E20","F1","L100","cdyx",9.51466e-07,"#V3.24f",7.33333333333333,TRUE,975,"A100-D0-E20-F1-L100-cdyx-2"
"31",1418010000,164172000,4084180000,1.12474474680352,0.113955,0.127929,1,1,100,100,0,0.2,20,132,0.2,0.1,0.1,6.8e-06,3.101,38.18,-0.276,1,0,0,0,0,1,18.7,0.65,0.4,0,0,0,0,0,0,0,50.8,-3,5.1,15,-999,999,41.8,-4,5.2,14,-99,99,0.1,100,0.1,100,0.1,100,0,4412.32,5.00891e-07,0,-32.1888,NA,NA,560.728,3846.35,NA,NA,NA,NA,NA,37.1762,0,0,0,0,0,1584540000,182210000,4556070000,0.33722265022267,0.113283,0.127371,5.13745,34.1686,78.1282,79.1342,0.9133,0,NA,NA,0.2,19.4885,133.577,0.20157,0.103428,0.0766133,6.8e-06,3.101,38.18,-0.276,1,0,0,0,0,1,18.7813,0.65,0.4,0,0,0,0,0,0,0,0,0,0,0,0,0,0,0,0,0,0,0,0,0,0,0,0,0,0,0,0,0,0,0,0,0,0,0,0,0,0,0,0,0,0,0,0,0,-0.0393064,0,49.3452,-3,4.97979,15,-999,999,42.0181,-4,5.31093,14,-99,99,0.1,100,0.1,100,0.1,100,0,945.423,1.15544e-14,0,-40.5478,NA,NA,722.873,290.756,NA,NA,NA,NA,NA,-27.6593,0,0,0.000903834,0,0,2,2,"A100-D0-E20-F1-L100-cdyz",1,"A100","D0","E20","F1","L100","cdyz",1.17041e-05,"#V3.24f",4.38333333333333,TRUE,829,"A100-D0-E20-F1-L100-cdyz-1"
"32",1418010000,164172000,4084180000,0.822831021159694,0.113955,0.127929,1,1,100,100,0,0.2,20,132,0.2,0.1,0.1,6.8e-06,3.101,38.18,-0.276,1,0,0,0,0,1,18.7,0.65,0.4,0,0,0,0,0,0,0,50.8,-3,5.1,15,-999,999,41.8,-4,5.2,14,-99,99,0.1,100,0.1,100,0.1,100,0,4319.98,6.61015e-07,0,-32.1888,NA,NA,548.393,3738.82,NA,NA,NA,NA,NA,64.7084,0,0,0,0,0,1443930000,166259000,4155800000,0.271473603157034,0.113311,0.127285,5.13745,34.1686,78.1282,79.1342,0.9133,0,NA,NA,0.2,20.1837,132.099,0.198632,0.101268,0.091026,6.8e-06,3.101,38.18,-0.276,1,0,0,0,0,1,18.7241,0.65,0.4,0,0,0,0,0,0,0,0,0,0,0,0,0,0,0,0,0,0,0,0,0,0,0,0,0,0,0,0,0,0,0,0,0,0,0,0,0,0,0,0,0,0,0,0,0,0.000745264,0,49.4827,-3,4.9776,15,-999,999,40.4504,-4,4.72554,14,-99,99,0.1,100,0.1,100,0.1,100,0,977.665,1.84843e-14,0,-35.6656,NA,NA,709.888,315.788,NA,NA,NA,NA,NA,-12.3472,0,0,0.000997887,0,0,2,2,"A100-D0-E20-F1-L100-cdyz",2,"A100","D0","E20","F1","L100","cdyz",8.56188e-05,"#V3.24f",4.96666666666667,TRUE,845,"A100-D0-E20-F1-L100-cdyz-2"
"33",1418010000,164172000,4084180000,1.16407455107268,0.113955,0.127929,1,1,100,100,0,0.2,20,132,0.2,0.1,0.1,6.8e-06,3.101,38.18,-0.276,1,0,0,0,0,1,18.7,0.65,0.4,0,0,0,0,0,0,0,50.8,-3,5.1,15,-999,999,41.8,-4,5.2,14,-99,99,0.1,100,0.1,100,0.1,100,0,4393.57,4.00601e-07,0,-32.1888,NA,NA,558.365,3837.4,NA,NA,NA,NA,NA,29.7456,0,0,0,0,0,1708710000,192593000,4912030000,0.314912571788039,0.110943,0.124756,4.34815,32.8563,77.7183,79.8619,0.91415,0,NA,NA,0.2,21.1884,138.312,0.181393,0.104468,0.0588161,6.8e-06,3.101,38.18,-0.276,1,0,0,0,0,1,18.8478,0.65,0.4,0,0,0.30779,-0.0200427,-0.00616898,-0.00189871,-0.00058439,-0.000179868,-5.54299e-05,-1.70377e-05,-5.28747e-06,-1.66479e-06,-4.56147e-07,-2.34869e-07,-2.11205e-07,-8.04907e-08,1.58597e-07,-1.36874e-08,2.00466e-07,2.96721e-07,1.1918e-07,-2.22221e-08,-1.47969e-08,0,0,0,0,0,0,0,0,0,0,0,0,0,0,0,0,0,0,0,0,0,0,0.0119348,0,54.0353,-3,5.44183,15,-999,999,54.3033,-4,7.96396,14,-99,99,0.1,100,0.1,100,0.1,100,0,935.734,1.88151e-14,0,-40.8291,NA,NA,694.334,318.937,NA,NA,NA,NA,NA,-36.7086,6.27548e-13,0,0.000632313,0,0,2,2,"A100-D0-E20-F1-L100-cey",1,"A100","D0","E20","F1","L100","cey",3.96672e-05,"#V3.24f",6.18333333333333,TRUE,972,"A100-D0-E20-F1-L100-cey-1"
"34",1418010000,164172000,4084180000,0.724889696340514,0.113955,0.127929,1,1,100,100,0,0.2,20,132,0.2,0.1,0.1,6.8e-06,3.101,38.18,-0.276,1,0,0,0,0,1,18.7,0.65,0.4,0,0,0,0,0,0,0,50.8,-3,5.1,15,-999,999,41.8,-4,5.2,14,-99,99,0.1,100,0.1,100,0.1,100,0,4180.31,6.60234e-07,0,-32.1888,NA,NA,534.36,3622.07,NA,NA,NA,NA,NA,55.8249,0,0,0,0,0,1436780000,169484000,4143850000,0.222875104069887,0.116218,0.130327,4.34815,32.8563,77.7183,79.8619,0.91415,0,NA,NA,0.2,19.161,130.912,0.210806,0.113487,0.0867686,6.8e-06,3.101,38.18,-0.276,1,0,0,0,0,1,18.701,0.65,0.4,0,0,0.46512,0.0700233,0.0325692,0.0151486,0.00704591,0.00327719,0.00152429,0.000708978,0.000329761,0.000153377,7.13373e-05,3.31818e-05,1.54322e-05,7.17994e-06,3.33888e-06,1.55031e-06,7.23329e-07,3.37258e-07,1.55699e-07,7.35349e-08,3.0784e-08,0,0,0,0,0,0,0,0,0,0,0,0,0,0,0,0,0,0,0,0,0,0,0.0610593,0,52.0329,-3,5.25724,15,-999,999,37.8986,-4,4.25607,14,-99,99,0.1,100,0.1,100,0.1,100,0,999.798,2.52638e-14,0,-36.8318,NA,NA,744.991,316.283,NA,NA,NA,NA,NA,-24.6454,1.76812e-16,0,0.00104958,0,0,2,2,"A100-D0-E20-F1-L100-cey",2,"A100","D0","E20","F1","L100","cey",1.53288e-06,"#V3.24f",7.36666666666667,TRUE,973,"A100-D0-E20-F1-L100-cey-2"
"35",1418010000,164172000,4084180000,1.16407455107268,0.113955,0.127929,1,1,100,100,0,0.2,20,132,0.2,0.1,0.1,6.8e-06,3.101,38.18,-0.276,1,0,0,0,0,1,18.7,0.65,0.4,0,0,0,0,0,0,0,50.8,-3,5.1,15,-999,999,41.8,-4,5.2,14,-99,99,0.1,100,0.1,100,0.1,100,0,4393.57,4.00601e-07,0,-32.1888,NA,NA,558.365,3837.4,NA,NA,NA,NA,NA,29.7456,0,0,0,0,0,1725400000,194333000,4959530000,0.307063370924261,0.110862,0.124675,4.34815,32.8563,77.7183,79.8619,0.91415,0,NA,NA,0.2,21.2029,138.357,0.181201,0.104347,0.0582693,6.8e-06,3.101,38.18,-0.276,1,0,0,0,0,1,18.8576,0.65,0.4,0,0,0.75,-0.193309,-0.144982,-0.108737,-0.0815524,-0.0611643,-0.0458732,-0.0344049,-0.0258037,-0.0193528,-0.0145146,-0.0108859,-0.00816445,-0.00612334,-0.0045925,-0.00344438,-0.00258328,-0.00193746,-0.0014531,-0.00108982,-0.000817367,0,0,0,0,0,0,0,0,0,0,0,0,0,0,0,0,0,0,0,0,0,0,0.0169431,0,53.9865,-3,5.44098,15,-999,999,54.5061,-4,8.02033,14,-99,99,0.1,100,0.1,100,0.1,100,0,945.039,1.89026e-14,0,-40.8261,NA,NA,695.133,323.221,NA,NA,NA,NA,NA,-32.4897,1.0046e-18,0,0.000631385,0,0,2,2,"A100-D0-E20-F1-L100-ceyt",1,"A100","D0","E20","F1","L100","ceyt",6.06272e-06,"#V3.24f",5.33333333333333,TRUE,974,"A100-D0-E20-F1-L100-ceyt-1"
"36",1418010000,164172000,4084180000,0.724889696340514,0.113955,0.127929,1,1,100,100,0,0.2,20,132,0.2,0.1,0.1,6.8e-06,3.101,38.18,-0.276,1,0,0,0,0,1,18.7,0.65,0.4,0,0,0,0,0,0,0,50.8,-3,5.1,15,-999,999,41.8,-4,5.2,14,-99,99,0.1,100,0.1,100,0.1,100,0,4180.31,6.60234e-07,0,-32.1888,NA,NA,534.36,3622.07,NA,NA,NA,NA,NA,55.8249,0,0,0,0,0,1464860000,173036000,4225230000,0.215822333932117,0.116378,0.130495,4.34815,32.8563,77.7183,79.8619,0.91415,0,NA,NA,0.2,19.1383,130.558,0.211958,0.113399,0.0878071,6.8e-06,3.101,38.18,-0.276,1,0,0,0,0,1,18.7232,0.65,0.4,0,0,0.75,0.141837,0.106378,0.0797833,0.0598375,0.0448781,0.0336586,0.0252439,0.018933,0.0141997,0.0106498,0.00798734,0.0059905,0.00449288,0.00336966,0.00252724,0.00189543,0.00142157,0.00106618,0.000799636,0.000599727,0,0,0,0,0,0,0,0,0,0,0,0,0,0,0,0,0,0,0,0,0,0,0.0576803,0,51.7433,-3,5.22802,15,-999,999,37.7389,-4,4.23245,14,-99,99,0.1,100,0.1,100,0.1,100,0,1008.62,2.39611e-14,0,-36.9035,NA,NA,746.676,320.474,NA,NA,NA,NA,NA,-21.6294,1.97924e-18,0,0.00105981,0,0,2,2,"A100-D0-E20-F1-L100-ceyt",2,"A100","D0","E20","F1","L100","ceyt",1.4042e-07,"#V3.24f",6.53333333333333,TRUE,977,"A100-D0-E20-F1-L100-ceyt-2"
"37",1418010000,164172000,4084180000,1.16407455107268,0.113955,0.127929,1,1,100,100,0,0.2,20,132,0.2,0.1,0.1,6.8e-06,3.101,38.18,-0.276,1,0,0,0,0,1,18.7,0.65,0.4,0,0,0,0,0,0,0,50.8,-3,5.1,15,-999,999,41.8,-4,5.2,14,-99,99,0.1,100,0.1,100,0.1,100,0,4393.57,4.00601e-07,0,-32.1888,NA,NA,558.365,3837.4,NA,NA,NA,NA,NA,29.7456,0,0,0,0,0,1714420000,193148000,4928120000,0.31017101856286,0.110893,0.124706,4.34815,32.8563,77.7183,79.8619,0.91415,0,NA,NA,0.2,21.1958,138.339,0.181287,0.104408,0.0586059,6.8e-06,3.101,38.18,-0.276,1,0,0,0,0,1,18.8511,0.65,0.4,0,0,0.566351,-0.0900388,-0.0509936,-0.0288803,-0.0163564,-0.00926344,-0.00524636,-0.00297128,-0.00168279,-0.000953049,-0.00053976,-0.000305694,-0.00017313,-9.80523e-05,-5.5532e-05,-3.14506e-05,-1.78121e-05,-1.00879e-05,-5.71329e-06,-3.23573e-06,-1.83256e-06,0,0,0,0,0,0,0,0,0,0,0,0,0,0,0,0,0,0,0,0,0,0,0.0160656,0,53.9957,-3,5.44033,15,-999,999,54.4526,-4,8.00239,14,-99,99,0.1,100,0.1,100,0.1,100,0,938.053,1.90442e-14,0,-40.8318,NA,NA,694.441,320.264,NA,NA,NA,NA,NA,-35.821,8.93491e-20,0,0.000631945,0,0,2,2,"A100-D0-E20-F1-L100-ceyx",1,"A100","D0","E20","F1","L100","ceyx",5.71474e-07,"#V3.24f",5.2,TRUE,976,"A100-D0-E20-F1-L100-ceyx-1"
"38",1418010000,164172000,4084180000,0.724889696340514,0.113955,0.127929,1,1,100,100,0,0.2,20,132,0.2,0.1,0.1,6.8e-06,3.101,38.18,-0.276,1,0,0,0,0,1,18.7,0.65,0.4,0,0,0,0,0,0,0,50.8,-3,5.1,15,-999,999,41.8,-4,5.2,14,-99,99,0.1,100,0.1,100,0.1,100,0,4180.31,6.60234e-07,0,-32.1888,NA,NA,534.36,3622.07,NA,NA,NA,NA,NA,55.8249,0,0,0,0,0,1459870000,172420000,4210810000,0.216937833813447,0.11636,0.130475,4.34815,32.8563,77.7183,79.8619,0.91415,0,NA,NA,0.2,19.1421,130.602,0.211789,0.11339,0.087716,6.8e-06,3.101,38.18,-0.276,1,0,0,0,0,1,18.7195,0.65,0.4,0,0,0.711907,0.135624,0.0965519,0.068736,0.0489337,0.0348362,0.0248002,0.0176554,0.012569,0.00894799,0.00637014,0.00453495,0.00322846,0.00229837,0.00163623,0.00116484,0.000829259,0.000590356,0.000420279,0.000299199,0.000213002,0,0,0,0,0,0,0,0,0,0,0,0,0,0,0,0,0,0,0,0,0,0,0.0585635,0,51.7974,-3,5.23346,15,-999,999,37.7722,-4,4.23728,14,-99,99,0.1,100,0.1,100,0.1,100,0,1005.86,2.42624e-14,0,-36.8994,NA,NA,746.253,319.315,NA,NA,NA,NA,NA,-22.8127,1.18059e-18,0,0.00105778,0,0,2,2,"A100-D0-E20-F1-L100-ceyx",2,"A100","D0","E20","F1","L100","ceyx",1.41835e-07,"#V3.24f",5.51666666666667,TRUE,972,"A100-D0-E20-F1-L100-ceyx-2"
"39",1418010000,164172000,4084180000,1.16407455107268,0.113955,0.127929,1,1,100,100,0,0.2,20,132,0.2,0.1,0.1,6.8e-06,3.101,38.18,-0.276,1,0,0,0,0,1,18.7,0.65,0.4,0,0,0,0,0,0,0,50.8,-3,5.1,15,-999,999,41.8,-4,5.2,14,-99,99,0.1,100,0.1,100,0.1,100,0,4393.57,4.00601e-07,0,-32.1888,NA,NA,558.365,3837.4,NA,NA,NA,NA,NA,29.7456,0,0,0,0,0,1709410000,192813000,4914490000,0.321282574590649,0.111025,0.124838,4.34815,32.8563,77.7183,79.8619,0.91415,0,NA,NA,0.2,21.1797,138.245,0.181588,0.104504,0.0589692,6.8e-06,3.101,38.18,-0.276,1,0,0,0,0,1,18.8487,0.65,0.4,0,0,0,0,0,0,0,0,0,0,0,0,0,0,0,0,0,0,0,0,0,0,0,0,0,0,0,0,0,0,0,0,0,0,0,0,0,0,0,0,0,0,0,0,0,0.00356507,0,54.0994,-3,5.44527,15,-999,999,54.0359,-4,7.90245,14,-99,99,0.1,100,0.1,100,0.1,100,0,938.123,1.82882e-14,0,-40.8106,NA,NA,694.693,318.81,NA,NA,NA,NA,NA,-34.5695,0,0,0.000632505,0,0,2,2,"A100-D0-E20-F1-L100-ceyz",1,"A100","D0","E20","F1","L100","ceyz",4.77376e-05,"#V3.24f",6.28333333333333,TRUE,829,"A100-D0-E20-F1-L100-ceyz-1"
"40",1418010000,164172000,4084180000,0.724889696340514,0.113955,0.127929,1,1,100,100,0,0.2,20,132,0.2,0.1,0.1,6.8e-06,3.101,38.18,-0.276,1,0,0,0,0,1,18.7,0.65,0.4,0,0,0,0,0,0,0,50.8,-3,5.1,15,-999,999,41.8,-4,5.2,14,-99,99,0.1,100,0.1,100,0.1,100,0,4180.31,6.60234e-07,0,-32.1888,NA,NA,534.36,3622.07,NA,NA,NA,NA,NA,55.8249,0,0,0,0,0,1423950000,167372000,4105340000,0.231550370980236,0.115814,0.129915,4.34815,32.8563,77.7183,79.8619,0.91415,0,NA,NA,0.2,19.1963,131.69,0.208746,0.113948,0.0837664,6.8e-06,3.101,38.18,-0.276,1,0,0,0,0,1,18.6843,0.65,0.4,0,0,0,0,0,0,0,0,0,0,0,0,0,0,0,0,0,0,0,0,0,0,0,0,0,0,0,0,0,0,0,0,0,0,0,0,0,0,0,0,0,0,0,0,0,0.0596677,0,52.2703,-3,5.28189,15,-999,999,38.0128,-4,4.27632,14,-99,99,0.1,100,0.1,100,0.1,100,0,1011.68,2.59625e-14,0,-36.4336,NA,NA,744.791,317.122,NA,NA,NA,NA,NA,-13.7967,0,0,0.00104118,0,0,2,2,"A100-D0-E20-F1-L100-ceyz",2,"A100","D0","E20","F1","L100","ceyz",2.75232e-05,"#V3.24f",4.33333333333333,TRUE,836,"A100-D0-E20-F1-L100-ceyz-2"
"41",1418010000,164172000,4084180000,1.14151433090608,0.113955,0.127929,1,1,100,100,0,0.2,20,132,0.2,0.1,0.1,6.8e-06,3.101,38.18,-0.276,1,0,0,0,0,1,18.7,0.65,0.4,0,0,0,0,0,0,0,50.8,-3,5.1,15,-999,999,41.8,-4,5.2,14,-99,99,0.1,100,0.1,100,0.1,100,0,4410.76,4.53902e-07,0,-32.1888,NA,NA,558.931,3862.07,NA,NA,NA,NA,NA,21.6968,0,0,0,0,0,1878180000,215637000,5.404e+09,0.396502590673575,0.11305,0.127031,3.7658,33.3837,78.1868,79.2597,0.91485,0,NA,NA,0.2,20.3522,133.733,0.196322,0.101774,0.0992562,6.8e-06,3.101,38.18,-0.276,1,0,0,0,0,1,18.9563,0.65,0.4,0,0,0.266714,-0.00306296,-0.000816805,-0.000217692,-5.82917e-05,-1.56298e-05,-4.23236e-06,-1.80076e-06,-6.10226e-07,-4.97444e-07,-1.03671e-06,-9.19908e-07,2.74818e-07,-2.61559e-07,-2.54352e-07,4.59515e-07,1.48994e-07,-3.75039e-07,-2.97148e-07,-3.46883e-08,5.4636e-08,0,0,0,0,0,0,0,0,0,0,0,0,0,0,0,0,0,0,0,0,0,0,-0.0742156,0,51.1934,-3,5.16365,15,-999,999,43.0207,-4,5.57754,14,-99,99,0.1,100,0.1,100,0.1,100,0,952.855,6.10897e-15,0,-39.365,NA,NA,718.015,313.604,NA,NA,NA,NA,NA,-39.3988,9.53723e-12,0,0.000833928,0,0,2,2,"A100-D0-E20-F1-L100-cfy",1,"A100","D0","E20","F1","L100","cfy",0.000522942,"#V3.24f",4.33333333333333,TRUE,940,"A100-D0-E20-F1-L100-cfy-1"
"42",1418010000,164172000,4084180000,0.594650578573912,0.113955,0.127929,1,1,100,100,0,0.2,20,132,0.2,0.1,0.1,6.8e-06,3.101,38.18,-0.276,1,0,0,0,0,1,18.7,0.65,0.4,0,0,0,0,0,0,0,50.8,-3,5.1,15,-999,999,41.8,-4,5.2,14,-99,99,0.1,100,0.1,100,0.1,100,0,4045.11,7.65773e-07,0,-32.1888,NA,NA,519.477,3514.26,NA,NA,NA,NA,NA,43.3172,0,0,0,0,0,1485470000,173783000,4277360000,0.200842575794415,0.115241,0.129411,3.7658,33.3837,78.1868,79.2597,0.91485,0,NA,NA,0.2,18.8181,129.84,0.21297,0.105897,0.111422,6.8e-06,3.101,38.18,-0.276,1,0,0,0,0,1,18.7394,0.65,0.4,0,0,0.505699,0.0148544,0.00751203,0.00379858,0.00192115,0.000971735,0.000491323,0.000248384,0.000125946,6.34301e-05,3.24965e-05,1.62742e-05,8.4787e-06,3.55952e-06,2.85012e-06,9.24375e-07,7.60085e-07,1.38631e-06,9.81973e-07,1.35231e-06,4.2615e-07,0,0,0,0,0,0,0,0,0,0,0,0,0,0,0,0,0,0,0,0,0,0,0.0293318,0,47.8254,-3,4.8129,15,-999,999,37.6142,-4,4.29709,14,-99,99,0.1,100,0.1,100,0.1,100,0,968.679,1.92597e-14,0,-35.2953,NA,NA,711.818,328.664,NA,NA,NA,NA,NA,-36.5086,1.89507e-11,0,0.00112314,0,0,2,2,"A100-D0-E20-F1-L100-cfy",2,"A100","D0","E20","F1","L100","cfy",9.02043e-05,"#V3.24f",4.41666666666667,TRUE,963,"A100-D0-E20-F1-L100-cfy-2"
"43",1418010000,164172000,4084180000,1.14151433090608,0.113955,0.127929,1,1,100,100,0,0.2,20,132,0.2,0.1,0.1,6.8e-06,3.101,38.18,-0.276,1,0,0,0,0,1,18.7,0.65,0.4,0,0,0,0,0,0,0,50.8,-3,5.1,15,-999,999,41.8,-4,5.2,14,-99,99,0.1,100,0.1,100,0.1,100,0,4410.76,4.53902e-07,0,-32.1888,NA,NA,558.931,3862.07,NA,NA,NA,NA,NA,21.6968,0,0,0,0,0,1919910000,220274000,5523780000,0.396355394313314,0.112967,0.126943,3.7658,33.3837,78.1868,79.2597,0.91485,0,NA,NA,0.2,20.354,133.793,0.19592,0.101809,0.0990629,6.8e-06,3.101,38.18,-0.276,1,0,0,0,0,1,18.9789,0.65,0.4,0,0,0.9,-0.0594975,-0.0535476,-0.0481933,-0.0433736,-0.0390362,-0.0351327,-0.0316192,-0.0284573,-0.0256116,-0.0230507,-0.0207456,-0.0186709,-0.0168041,-0.0151234,-0.013611,-0.0122498,-0.0110251,-0.00992256,-0.00893012,-0.00803745,0,0,0,0,0,0,0,0,0,0,0,0,0,0,0,0,0,0,0,0,0,0,-0.0740989,0,51.1917,-3,5.1655,15,-999,999,43.0805,-4,5.55901,14,-99,99,0.1,100,0.1,100,0.1,100,0,969.303,5.80734e-15,0,-39.4113,NA,NA,723.921,323.159,NA,NA,NA,NA,NA,-38.3662,1.24558e-11,0,0.000836021,0,0,2,2,"A100-D0-E20-F1-L100-cfyt",1,"A100","D0","E20","F1","L100","cfyt",0.00079216,"#V3.24f",3.26666666666667,TRUE,977,"A100-D0-E20-F1-L100-cfyt-1"
"44",1418010000,164172000,4084180000,0.594650578573912,0.113955,0.127929,1,1,100,100,0,0.2,20,132,0.2,0.1,0.1,6.8e-06,3.101,38.18,-0.276,1,0,0,0,0,1,18.7,0.65,0.4,0,0,0,0,0,0,0,50.8,-3,5.1,15,-999,999,41.8,-4,5.2,14,-99,99,0.1,100,0.1,100,0.1,100,0,4045.11,7.65773e-07,0,-32.1888,NA,NA,519.477,3514.26,NA,NA,NA,NA,NA,43.3172,0,0,0,0,0,1502090000,175836000,4325680000,0.193800743466923,0.115297,0.12946,3.7658,33.3837,78.1868,79.2597,0.91485,0,NA,NA,0.2,18.9005,129.512,0.213158,0.105188,0.112219,6.8e-06,3.101,38.18,-0.276,1,0,0,0,0,1,18.7563,0.65,0.4,0,0,0.9,-0.141418,-0.127276,-0.114549,-0.103094,-0.0927845,-0.083506,-0.0751554,-0.0676399,-0.0608759,-0.0547883,-0.0493095,-0.0443785,-0.0399407,-0.0359466,-0.0323519,-0.0291167,-0.0262051,-0.0235846,-0.0212261,-0.0191035,0,0,0,0,0,0,0,0,0,0,0,0,0,0,0,0,0,0,0,0,0,0,0.0201674,0,47.7266,-3,4.80311,15,-999,999,37.6527,-4,4.32917,14,-99,99,0.1,100,0.1,100,0.1,100,0,982.894,1.63632e-14,0,-35.3263,NA,NA,715.911,336.677,NA,NA,NA,NA,NA,-34.3697,9.43938e-18,0,0.00111891,0,0,2,2,"A100-D0-E20-F1-L100-cfyt",2,"A100","D0","E20","F1","L100","cfyt",3.12155e-06,"#V3.24f",3.25,TRUE,985,"A100-D0-E20-F1-L100-cfyt-2"
"45",1418010000,164172000,4084180000,1.14151433090608,0.113955,0.127929,1,1,100,100,0,0.2,20,132,0.2,0.1,0.1,6.8e-06,3.101,38.18,-0.276,1,0,0,0,0,1,18.7,0.65,0.4,0,0,0,0,0,0,0,50.8,-3,5.1,15,-999,999,41.8,-4,5.2,14,-99,99,0.1,100,0.1,100,0.1,100,0,4410.76,4.53902e-07,0,-32.1888,NA,NA,558.931,3862.07,NA,NA,NA,NA,NA,21.6968,0,0,0,0,0,1891240000,217022000,5441230000,0.396785285679892,0.112991,0.126971,3.7658,33.3837,78.1868,79.2597,0.91485,0,NA,NA,0.2,20.3533,133.793,0.196141,0.101804,0.09902,6.8e-06,3.101,38.18,-0.276,1,0,0,0,0,1,18.9628,0.65,0.4,0,0,0.564751,-0.0220101,-0.0124302,-0.00701988,-0.00396454,-0.00223903,-0.00126443,-0.000714152,-0.000403262,-0.000227734,-0.000128635,-7.26626e-05,-4.09576e-05,-2.32348e-05,-1.30069e-05,-7.44756e-06,-4.10638e-06,-2.41721e-06,-1.31102e-06,-7.3919e-07,-4.19999e-07,0,0,0,0,0,0,0,0,0,0,0,0,0,0,0,0,0,0,0,0,0,0,-0.0725852,0,51.1497,-3,5.1604,15,-999,999,43.067,-4,5.57631,14,-99,99,0.1,100,0.1,100,0.1,100,0,954.857,6.00112e-15,0,-39.4073,NA,NA,719.119,315.196,NA,NA,NA,NA,NA,-40.052,3.99449e-13,0,0.00083459,0,0,2,2,"A100-D0-E20-F1-L100-cfyx",1,"A100","D0","E20","F1","L100","cfyx",3.90625e-05,"#V3.24f",3.26666666666667,TRUE,970,"A100-D0-E20-F1-L100-cfyx-1"
"46",1418010000,164172000,4084180000,0.594650578573912,0.113955,0.127929,1,1,100,100,0,0.2,20,132,0.2,0.1,0.1,6.8e-06,3.101,38.18,-0.276,1,0,0,0,0,1,18.7,0.65,0.4,0,0,0,0,0,0,0,50.8,-3,5.1,15,-999,999,41.8,-4,5.2,14,-99,99,0.1,100,0.1,100,0.1,100,0,4045.11,7.65773e-07,0,-32.1888,NA,NA,519.477,3514.26,NA,NA,NA,NA,NA,43.3172,0,0,0,0,0,1492360000,174694000,4297550000,0.196368163255809,0.115302,0.129469,3.7658,33.3837,78.1868,79.2597,0.91485,0,NA,NA,0.2,18.8534,129.625,0.213219,0.105504,0.112082,6.8e-06,3.101,38.18,-0.276,1,0,0,0,0,1,18.7473,0.65,0.4,0,0,0.755655,-0.0384964,-0.0290901,-0.0219819,-0.0166105,-0.0125522,-0.00948516,-0.00716696,-0.00541589,-0.00409287,-0.00309266,-0.00233675,-0.00176602,-0.00133459,-0.00100857,-0.000761559,-0.000576126,-0.00043534,-0.000328687,-0.000248182,-0.000188181,0,0,0,0,0,0,0,0,0,0,0,0,0,0,0,0,0,0,0,0,0,0,0.0258003,0,47.7892,-3,4.80998,15,-999,999,37.6318,-4,4.31112,14,-99,99,0.1,100,0.1,100,0.1,100,0,972.208,1.79687e-14,0,-35.3878,NA,NA,713.041,331.258,NA,NA,NA,NA,NA,-36.7038,1.48667e-11,0,0.00112102,0,0,2,2,"A100-D0-E20-F1-L100-cfyx",2,"A100","D0","E20","F1","L100","cfyx",0.000285122,"#V3.24f",3.31666666666667,TRUE,997,"A100-D0-E20-F1-L100-cfyx-2"
"47",1418010000,164172000,4084180000,1.14151433090608,0.113955,0.127929,1,1,100,100,0,0.2,20,132,0.2,0.1,0.1,6.8e-06,3.101,38.18,-0.276,1,0,0,0,0,1,18.7,0.65,0.4,0,0,0,0,0,0,0,50.8,-3,5.1,15,-999,999,41.8,-4,5.2,14,-99,99,0.1,100,0.1,100,0.1,100,0,4410.76,4.53902e-07,0,-32.1888,NA,NA,558.931,3862.07,NA,NA,NA,NA,NA,21.6968,0,0,0,0,0,1869390000,214821000,5379280000,0.394824214393004,0.113151,0.127132,3.7658,33.3837,78.1868,79.2597,0.91485,0,NA,NA,0.2,20.3465,133.593,0.196675,0.101681,0.0998522,6.8e-06,3.101,38.18,-0.276,1,0,0,0,0,1,18.9528,0.65,0.4,0,0,0,0,0,0,0,0,0,0,0,0,0,0,0,0,0,0,0,0,0,0,0,0,0,0,0,0,0,0,0,0,0,0,0,0,0,0,0,0,0,0,0,0,0,-0.0769499,0,51.2376,-3,5.16695,15,-999,999,42.9446,-4,5.57095,14,-99,99,0.1,100,0.1,100,0.1,100,0,954.213,6.23771e-15,0,-39.2665,NA,NA,717.656,313.351,NA,NA,NA,NA,NA,-37.5285,0,0,0.000834317,0,0,2,2,"A100-D0-E20-F1-L100-cfyz",1,"A100","D0","E20","F1","L100","cfyz",4.37908e-05,"#V3.24f",2.93333333333333,TRUE,830,"A100-D0-E20-F1-L100-cfyz-1"
"48",1418010000,164172000,4084180000,0.594650578573912,0.113955,0.127929,1,1,100,100,0,0.2,20,132,0.2,0.1,0.1,6.8e-06,3.101,38.18,-0.276,1,0,0,0,0,1,18.7,0.65,0.4,0,0,0,0,0,0,0,50.8,-3,5.1,15,-999,999,41.8,-4,5.2,14,-99,99,0.1,100,0.1,100,0.1,100,0,4045.11,7.65773e-07,0,-32.1888,NA,NA,519.477,3514.26,NA,NA,NA,NA,NA,43.3172,0,0,0,0,0,1.492e+09,174004000,4294550000,0.210744548322874,0.1149,0.129072,3.7658,33.3837,78.1868,79.2597,0.91485,0,NA,NA,0.2,18.7898,130.588,0.211508,0.106687,0.108654,6.8e-06,3.101,38.18,-0.276,1,0,0,0,0,1,18.7344,0.65,0.4,0,0,0,0,0,0,0,0,0,0,0,0,0,0,0,0,0,0,0,0,0,0,0,0,0,0,0,0,0,0,0,0,0,0,0,0,0,0,0,0,0,0,0,0,0,0.0339977,0,47.8544,-3,4.81443,15,-999,999,37.6263,-4,4.28711,14,-99,99,0.1,100,0.1,100,0.1,100,0,976.685,2.2311e-14,0,-34.6736,NA,NA,711.435,328.247,NA,NA,NA,NA,NA,-28.3246,0,0,0.00112452,0,0,2,2,"A100-D0-E20-F1-L100-cfyz",2,"A100","D0","E20","F1","L100","cfyz",1.10771e-05,"#V3.24f",2.95,TRUE,832,"A100-D0-E20-F1-L100-cfyz-2"
"49",1418010000,164172000,4084180000,1.14233456899549,0.113955,0.127929,1,1,100,100,0,0.2,20,132,0.2,0.1,0.1,6.8e-06,3.101,38.18,-0.276,1,0,0,0,0,1,18.7,0.65,0.4,0,0,0,0,0,0,0,50.8,-3,5.1,15,-999,999,41.8,-4,5.2,14,-99,99,0.1,100,0.1,100,0.1,100,0,4389.81,4.31788e-07,0,-32.1888,NA,NA,556.867,3843.19,NA,NA,NA,NA,NA,21.6968,0,0,0,0,0,1235060000,262206000,4770310000,0.464745477757211,0.206933,0.126796,-7.55945,22.0321,75.63,88.087,0.9275,0,NA,NA,0.2,20.3855,133.954,0.195368,0.101825,0.0986408,6.8e-06,3.101,38.18,-0.276,1,0,0,0,0,1,18.8314,1,0.4,0,0,0.9,-0.0771829,-0.0694646,-0.0625181,-0.0562663,-0.0506397,-0.0455757,-0.0410182,-0.0369164,-0.0332247,-0.0299023,-0.026912,-0.0242208,-0.0217987,-0.0196189,-0.017657,-0.0158913,-0.0143022,-0.0128719,-0.0115847,-0.0104263,0,0,0,0,0,0,0,0,0,0,0,0,0,0,0,0,0,0,0,0,0,0,-0.0756589,0,51.3217,-3,5.19005,15,-999,999,43.2688,-4,5.59673,14,-99,99,0.1,100,0.1,100,0.1,100,0,959.197,5.07244e-15,0,-39.3828,NA,NA,724.394,323.847,NA,NA,NA,NA,NA,-49.6623,4.36554e-14,0,0.000827169,0,0,2,2,"A100-D0-E20-F1-L100-ste",1,"A100","D0","E20","F1","L100","ste",4.50159e-05,"#V3.24f",2.88333333333333,TRUE,973,"A100-D0-E20-F1-L100-ste-1"
"50",1418010000,164172000,4084180000,0.595517337629585,0.113955,0.127929,1,1,100,100,0,0.2,20,132,0.2,0.1,0.1,6.8e-06,3.101,38.18,-0.276,1,0,0,0,0,1,18.7,0.65,0.4,0,0,0,0,0,0,0,50.8,-3,5.1,15,-999,999,41.8,-4,5.2,14,-99,99,0.1,100,0.1,100,0.1,100,0,4025.62,6.65767e-07,0,-32.1888,NA,NA,517.624,3496.62,NA,NA,NA,NA,NA,43.3172,0,0,0,0,0,949057000,208492000,3692970000,0.227170813735286,0.214094,0.130025,-7.55945,22.0321,75.63,88.087,0.9275,0,NA,NA,0.2,19.4191,129.235,0.211774,0.104085,0.110375,6.8e-06,3.101,38.18,-0.276,1,0,0,0,0,1,18.6072,1,0.4,0,0,0.9,-0.340882,-0.306794,-0.276115,-0.248503,-0.223653,-0.201288,-0.181159,-0.163043,-0.146739,-0.132065,-0.118858,-0.106973,-0.0962752,-0.0866478,-0.0779829,-0.0701847,-0.0631662,-0.0568496,-0.0511646,-0.0460482,0,0,0,0,0,0,0,0,0,0,0,0,0,0,0,0,0,0,0,0,0,0,0.0277366,0,48.1878,-3,4.73968,15,-999,999,37.5562,-4,4.46064,14,-99,99,0.1,100,0.1,100,0.1,100,0,981.692,1.39507e-14,0,-35.3652,NA,NA,714.048,343.525,NA,NA,NA,NA,NA,-40.5172,5.20397e-13,0,0.00110394,0,0,2,2,"A100-D0-E20-F1-L100-ste",2,"A100","D0","E20","F1","L100","ste",0.000142961,"#V3.24f",2.91666666666667,TRUE,983,"A100-D0-E20-F1-L100-ste-2"
