"","SSB_MSY_om","TotYield_MSY_om","SSB_Unfished_om","depletion_om","params_on_bound_om","NatM_p_1_Fem_GP_1_om","L_at_Amin_Fem_GP_1_om","L_at_Amax_Fem_GP_1_om","VonBert_K_Fem_GP_1_om","CV_young_Fem_GP_1_om","CV_old_Fem_GP_1_om","Wtlen_1_Fem_om","Wtlen_2_Fem_om","Mat50._Fem_om","Mat_slope_Fem_om","Eggs.kg_inter_Fem_om","Eggs.kg_slope_wt_Fem_om","RecrDist_GP_1_om","RecrDist_Area_1_om","RecrDist_Seas_1_om","CohortGrowDev_om","Mat50._Fem_ENV_add_om","SR_LN_R0_om","SR_BH_steep_om","SR_sigmaR_om","SR_envlink_om","SR_R1_offset_om","SR_autocorr_om","InitF_1Fishery_om","LnQ_base_1_Fishery_om","LnQ_base_2_Survey_om","LnQ_base_3_CPUE_om","SizeSel_1P_1_Fishery_om","SizeSel_1P_2_Fishery_om","SizeSel_1P_3_Fishery_om","SizeSel_1P_4_Fishery_om","SizeSel_1P_5_Fishery_om","SizeSel_1P_6_Fishery_om","SizeSel_2P_1_Survey_om","SizeSel_2P_2_Survey_om","SizeSel_2P_3_Survey_om","SizeSel_2P_4_Survey_om","SizeSel_2P_5_Survey_om","SizeSel_2P_6_Survey_om","AgeSel_1P_1_Fishery_om","AgeSel_1P_2_Fishery_om","AgeSel_2P_1_Survey_om","AgeSel_2P_2_Survey_om","AgeSel_3P_1_CPUE_om","AgeSel_3P_2_CPUE_om","Catch_endyear_om","NLL_TOTAL_om","NLL_Catch_om","NLL_Equil_catch_om","NLL_Survey_om","NLL_Discard_om","NLL_Mean_body_wt_om","NLL_Length_comp_om","NLL_Age_comp_om","NLL_Size_at_age_om","NLL_SizeFreq_om","NLL_Morphcomp_om","NLL_Tag_comp_om","NLL_Tag_negbin_om","NLL_Recruitment_om","NLL_Forecast_Recruitment_om","NLL_Parm_priors_om","NLL_Parm_softbounds_om","NLL_Parm_devs_om","NLL_Crash_Pen_om","SSB_MSY_em","TotYield_MSY_em","SSB_Unfished_em","depletion_em","params_on_bound_em","params_stuck_low_em","params_stuck_high_em","NatM_p_1_Fem_GP_1_em","L_at_Amin_Fem_GP_1_em","L_at_Amax_Fem_GP_1_em","VonBert_K_Fem_GP_1_em","CV_young_Fem_GP_1_em","CV_old_Fem_GP_1_em","Wtlen_1_Fem_em","Wtlen_2_Fem_em","Mat50._Fem_em","Mat_slope_Fem_em","Eggs.kg_inter_Fem_em","Eggs.kg_slope_wt_Fem_em","RecrDist_GP_1_em","RecrDist_Area_1_em","RecrDist_Seas_1_em","CohortGrowDev_em","SR_LN_R0_em","SR_BH_steep_em","SR_sigmaR_em","SR_envlink_em","SR_R1_offset_em","SR_autocorr_em","InitF_1Fishery_em","LnQ_base_1_Fishery_em","LnQ_base_2_Survey_em","LnQ_base_3_CPUE_em","SizeSel_1P_1_Fishery_em","SizeSel_1P_2_Fishery_em","SizeSel_1P_3_Fishery_em","SizeSel_1P_4_Fishery_em","SizeSel_1P_5_Fishery_em","SizeSel_1P_6_Fishery_em","SizeSel_2P_1_Survey_em","SizeSel_2P_2_Survey_em","SizeSel_2P_3_Survey_em","SizeSel_2P_4_Survey_em","SizeSel_2P_5_Survey_em","SizeSel_2P_6_Survey_em","AgeSel_1P_1_Fishery_em","AgeSel_1P_2_Fishery_em","AgeSel_2P_1_Survey_em","AgeSel_2P_2_Survey_em","AgeSel_3P_1_CPUE_em","AgeSel_3P_2_CPUE_em","Catch_endyear_em","NLL_TOTAL_em","NLL_Catch_em","NLL_Equil_catch_em","NLL_Survey_em","NLL_Discard_em","NLL_Mean_body_wt_em","NLL_Length_comp_em","NLL_Age_comp_em","NLL_Size_at_age_em","NLL_SizeFreq_em","NLL_Morphcomp_em","NLL_Tag_comp_em","NLL_Tag_negbin_em","NLL_Recruitment_em","NLL_Forecast_Recruitment_em","NLL_Parm_priors_em","NLL_Parm_softbounds_em","NLL_Parm_devs_em","NLL_Crash_Pen_em","bias1","bias2","bias3","bias4","bias5","bias.converged","bias.tried","scenario","replicate","B","D","E","F","species","max_grad","version","RunTime","hessian","ID"
"1",1418010000,164172000,4084180000,0.275732215524291,0,0.2,20,132,0.2,0.1,0.1,6.8e-06,3.101,38.18,-0.276,1,0,0,0,0,1,1,18.7,0.65,0.4,0,0,0,0,0,0,0,50.8,-3,5.1,15,-999,999,41.8,-4,5.2,14,-99,99,0.1,100,0.1,100,0.1,100,137784000,2049.56,9.45664e-07,0,-24.1416,NA,NA,250.716,1761.6,NA,NA,NA,NA,NA,61.1375,0,0,0,0,0,2.28487e-17,5.88157e-18,3792420000,0.327474277638025,0,NA,NA,0.2,19.9848,131.892,0.19978,0.100249,0.100099,6.8e-06,3.101,38.18,-0.276,1,0,0,0,0,1,18.6294,0.65,0.4,0,0,0,0,0,-0.0486458,0,50.6223,-3,5.07009,15,-999,999,42.5573,-4,5.37596,14,-99,99,0.1,100,0.1,100,0.1,100,137784000,772.495,1.27319e-14,0,-30.834,NA,NA,580.159,261.248,NA,NA,NA,NA,NA,-38.0794,0,0,0.000876454,0,0,-0.826115,20.88049,99.304655,99.90896,0.92624,20,20,"B0-D100-E1-F0-cod",1,"B0","D100","E1","F0","cod",5.31239e-05,"#V3.24O",0.466666666666667,FALSE,"B0-D100-E1-F0-cod-1"
"2",1418010000,164172000,4084180000,0.325443540686258,0,0.2,20,132,0.2,0.1,0.1,6.8e-06,3.101,38.18,-0.276,1,0,0,0,0,1,1,18.7,0.65,0.4,0,0,0,0,0,0,0,50.8,-3,5.1,15,-999,999,41.8,-4,5.2,14,-99,99,0.1,100,0.1,100,0.1,100,158315000,2077.85,1.01305e-06,0,-24.1416,NA,NA,256.126,1791.85,NA,NA,NA,NA,NA,53.7653,0,0,0,0,0,2.0673e-17,5.19802e-18,4144910000,0.352946143583335,0,NA,NA,0.2,20.2474,132.658,0.196551,0.100291,0.0970758,6.8e-06,3.101,38.18,-0.276,1,0,0,0,0,1,18.7159,0.65,0.4,0,0,0,0,0,0.0121026,0,49.0219,-3,4.90966,15,-999,999,43.2196,-4,5.4169,14,-99,99,0.1,100,0.1,100,0.1,100,158315000,779.312,1.77273e-14,0,-26.8332,NA,NA,561.108,284.562,NA,NA,NA,NA,NA,-39.5251,0,0,0.000899206,0,0,-0.826115,20.88049,99.304655,99.90896,0.92624,20,20,"B0-D100-E1-F0-cod",2,"B0","D100","E1","F0","cod",7.77639e-05,"#V3.24O",0.5,FALSE,"B0-D100-E1-F0-cod-2"
"3",1418010000,164172000,4084180000,0.271422904965011,0,0.2,20,132,0.2,0.1,0.1,6.8e-06,3.101,38.18,-0.276,1,0,0,0,0,1,1,18.7,0.65,0.4,0,0,0,0,0,0,0,50.8,-3,5.1,15,-999,999,41.8,-4,5.2,14,-99,99,0.1,100,0.1,100,0.1,100,134046000,1989.74,7.90308e-07,0,-24.1416,NA,NA,241.702,1716.09,NA,NA,NA,NA,NA,55.8427,0,0,0,0,0,2.17537e-17,5.56544e-18,3984010000,0.276302017314214,0,NA,NA,0.2,20.1849,133.764,0.195744,0.100461,0.0892939,6.8e-06,3.101,38.18,-0.276,1,0,0,0,0,1,18.6599,0.65,0.4,0,0,0,0,0,0.0437644,0,51.2135,-3,5.09705,15,-999,999,42.7854,-4,5.38653,14,-99,99,0.1,100,0.1,100,0.1,100,134046000,775.4,6.09999e-14,0,-28.4175,NA,NA,549.813,283.338,NA,NA,NA,NA,NA,-29.3345,0,0,0.000869434,0,0,-0.826115,20.88049,99.304655,99.90896,0.92624,20,20,"B0-D100-E1-F0-cod",3,"B0","D100","E1","F0","cod",0.000104001,"#V3.24O",0.5,FALSE,"B0-D100-E1-F0-cod-3"
"4",1418010000,164172000,4084180000,0.281806874329731,0,0.2,20,132,0.2,0.1,0.1,6.8e-06,3.101,38.18,-0.276,1,0,0,0,0,1,1,18.7,0.65,0.4,0,0,0,0,0,0,0,50.8,-3,5.1,15,-999,999,41.8,-4,5.2,14,-99,99,0.1,100,0.1,100,0.1,100,144330000,2026.25,8.87467e-07,0,-24.1416,NA,NA,249.138,1748.89,NA,NA,NA,NA,NA,52.1152,0,0,0,0,0,2.08971e-17,5.38714e-18,4150220000,0.274604719749796,0,NA,NA,0.2,19.9231,131.948,0.200696,0.100807,0.0970751,6.8e-06,3.101,38.18,-0.276,1,0,0,0,0,1,18.7159,0.65,0.4,0,0,0,0,0,0.0261078,0,50.8487,-3,5.09876,15,-999,999,40.0023,-4,4.78355,14,-99,99,0.1,100,0.1,100,0.1,100,144330000,755.247,2.49409e-14,0,-25.7443,NA,NA,535.042,284.663,NA,NA,NA,NA,NA,-38.7143,0,0,0.000968649,0,0,-0.826115,20.88049,99.304655,99.90896,0.92624,20,20,"B0-D100-E1-F0-cod",4,"B0","D100","E1","F0","cod",0.000535498,"#V3.24O",0.516666666666667,FALSE,"B0-D100-E1-F0-cod-4"
"5",1418010000,164172000,4084180000,0.365975544662576,0,0.2,20,132,0.2,0.1,0.1,6.8e-06,3.101,38.18,-0.276,1,0,0,0,0,1,1,18.7,0.65,0.4,0,0,0,0,0,0,0,50.8,-3,5.1,15,-999,999,41.8,-4,5.2,14,-99,99,0.1,100,0.1,100,0.1,100,179944000,2058.98,1.02412e-06,0,-24.1416,NA,NA,253.499,1777.11,NA,NA,NA,NA,NA,52.2571,0,0,0,0,0,2.1171e-17,5.39719e-18,4072880000,0.349111685097523,0,NA,NA,0.2,19.8456,132.383,0.20089,0.102334,0.0963475,6.8e-06,3.101,38.18,-0.276,1,0,0,0,0,1,18.6872,0.65,0.4,0,0,0,0,0,0.0356949,0,50.0141,-3,5.02106,15,-999,999,41.3008,-4,5.0687,14,-99,99,0.1,100,0.1,100,0.1,100,179944000,803.76,2.92806e-14,0,-28.642,NA,NA,590.888,279.238,NA,NA,NA,NA,NA,-37.7249,0,0,0.000932557,0,0,-0.826115,20.88049,99.304655,99.90896,0.92624,20,20,"B0-D100-E1-F0-cod",5,"B0","D100","E1","F0","cod",0.000143687,"#V3.24O",0.483333333333333,FALSE,"B0-D100-E1-F0-cod-5"
"6",1418010000,164172000,4084180000,0.314244230175947,0,0.2,20,132,0.2,0.1,0.1,6.8e-06,3.101,38.18,-0.276,1,0,0,0,0,1,1,18.7,0.65,0.4,0,0,0,0,0,0,0,50.8,-3,5.1,15,-999,999,41.8,-4,5.2,14,-99,99,0.1,100,0.1,100,0.1,100,156883000,2012.61,7.89912e-07,0,-24.1416,NA,NA,248.373,1745.17,NA,NA,NA,NA,NA,42.958,0,0,0,0,0,2.03619e-17,5.23728e-18,4259120000,0.261626814928905,0,NA,NA,0.2,20.145,132.181,0.19802,0.0990313,0.100208,6.8e-06,3.101,38.18,-0.276,1,0,0,0,0,1,18.7462,0.65,0.4,0,0,0,0,0,-0.00904449,0,51.0285,-3,5.11042,15,-999,999,41.6044,-4,5.15379,14,-99,99,0.1,100,0.1,100,0.1,100,156883000,752.604,2.9189e-14,0,-30.5216,NA,NA,540.881,280.317,NA,NA,NA,NA,NA,-38.0737,0,0,0.000903308,0,0,-0.826115,20.88049,99.304655,99.90896,0.92624,20,20,"B0-D100-E1-F0-cod",6,"B0","D100","E1","F0","cod",0.00128571,"#V3.24O",0.516666666666667,FALSE,"B0-D100-E1-F0-cod-6"
"7",1418010000,164172000,4084180000,0.402807907584876,0,0.2,20,132,0.2,0.1,0.1,6.8e-06,3.101,38.18,-0.276,1,0,0,0,0,1,1,18.7,0.65,0.4,0,0,0,0,0,0,0,50.8,-3,5.1,15,-999,999,41.8,-4,5.2,14,-99,99,0.1,100,0.1,100,0.1,100,196761000,2161.07,9.09692e-07,0,-24.1416,NA,NA,267.072,1859.72,NA,NA,NA,NA,NA,58.162,0,0,0,0,0,2.18101e-17,5.57727e-18,3964320000,0.429665112806232,0,NA,NA,0.2,19.8348,132.394,0.199707,0.100595,0.0984808,6.8e-06,3.101,38.18,-0.276,1,0,0,0,0,1,18.665,0.65,0.4,0,0,0,0,0,-0.0497349,0,51.1256,-3,5.15208,15,-999,999,39.6242,-4,4.7293,14,-99,99,0.1,100,0.1,100,0.1,100,196761000,800.047,2.23812e-14,0,-25.3511,NA,NA,589.587,264.789,NA,NA,NA,NA,NA,-28.9785,0,0,0.00097113,0,0,-0.826115,20.88049,99.304655,99.90896,0.92624,20,20,"B0-D100-E1-F0-cod",7,"B0","D100","E1","F0","cod",0.000973993,"#V3.24O",0.5,FALSE,"B0-D100-E1-F0-cod-7"
"8",1418010000,164172000,4084180000,0.365593583044822,0,0.2,20,132,0.2,0.1,0.1,6.8e-06,3.101,38.18,-0.276,1,0,0,0,0,1,1,18.7,0.65,0.4,0,0,0,0,0,0,0,50.8,-3,5.1,15,-999,999,41.8,-4,5.2,14,-99,99,0.1,100,0.1,100,0.1,100,181122000,2048.83,7.56714e-07,0,-24.1416,NA,NA,252.484,1773.67,NA,NA,NA,NA,NA,46.5654,0,0,0,0,0,2.04487e-17,5.22722e-18,4238180000,0.375906639170587,0,NA,NA,0.2,20.4152,133.478,0.194513,0.099455,0.0997426,6.8e-06,3.101,38.18,-0.276,1,0,0,0,0,1,18.7274,0.65,0.4,0,0,0,0,0,-0.0494951,0,51.1685,-3,5.09706,15,-999,999,45.713,-4,5.93937,14,-99,99,0.1,100,0.1,100,0.1,100,181122000,755.36,1.72378e-14,0,-27.0536,NA,NA,563.214,256.482,NA,NA,NA,NA,NA,-37.2832,0,0,0.000800337,0,0,-0.826115,20.88049,99.304655,99.90896,0.92624,20,20,"B0-D100-E1-F0-cod",8,"B0","D100","E1","F0","cod",0.00102536,"#V3.24O",0.5,FALSE,"B0-D100-E1-F0-cod-8"
"9",1418010000,164172000,4084180000,0.320556390756529,0,0.2,20,132,0.2,0.1,0.1,6.8e-06,3.101,38.18,-0.276,1,0,0,0,0,1,1,18.7,0.65,0.4,0,0,0,0,0,0,0,50.8,-3,5.1,15,-999,999,41.8,-4,5.2,14,-99,99,0.1,100,0.1,100,0.1,100,160997000,2042.59,7.03141e-07,0,-24.1416,NA,NA,254.082,1763.02,NA,NA,NA,NA,NA,49.3887,0,0,0,0,0,2.22968e-17,5.77951e-18,3897290000,0.301206735962682,0,NA,NA,0.2,20.021,131.26,0.201091,0.100066,0.102601,6.8e-06,3.101,38.18,-0.276,1,0,0,0,0,1,18.6631,0.65,0.4,0,0,0,0,0,0.0455778,0,50.7085,-3,5.07873,15,-999,999,41.7192,-4,5.19467,14,-99,99,0.1,100,0.1,100,0.1,100,160997000,740.468,6.53953e-14,0,-28.7354,NA,NA,539.271,264.609,NA,NA,NA,NA,NA,-34.6767,0,0,0.000902393,0,0,-0.826115,20.88049,99.304655,99.90896,0.92624,20,20,"B0-D100-E1-F0-cod",9,"B0","D100","E1","F0","cod",0.000585083,"#V3.24O",0.483333333333333,FALSE,"B0-D100-E1-F0-cod-9"
"10",1418010000,164172000,4084180000,0.334057264861,0,0.2,20,132,0.2,0.1,0.1,6.8e-06,3.101,38.18,-0.276,1,0,0,0,0,1,1,18.7,0.65,0.4,0,0,0,0,0,0,0,50.8,-3,5.1,15,-999,999,41.8,-4,5.2,14,-99,99,0.1,100,0.1,100,0.1,100,167126000,2042.25,1.15958e-06,0,-24.1416,NA,NA,253.451,1758.43,NA,NA,NA,NA,NA,54.2586,0,0,0,0,0,2.32078e-17,6.01197e-18,3743670000,0.391706533962662,0,NA,NA,0.2,19.8584,131.395,0.20178,0.0999389,0.103015,6.8e-06,3.101,38.18,-0.276,1,0,0,0,0,1,18.6179,0.65,0.4,0,0,0,0,0,-0.0391801,0,50.9355,-3,5.10947,15,-999,999,41.179,-4,5.01785,14,-99,99,0.1,100,0.1,100,0.1,100,167126000,801.691,1.85137e-14,0,-30.2958,NA,NA,587.654,276.911,NA,NA,NA,NA,NA,-32.5784,0,0,0.00092522,0,0,-0.826115,20.88049,99.304655,99.90896,0.92624,20,20,"B0-D100-E1-F0-cod",10,"B0","D100","E1","F0","cod",0.00505128,"#V3.24O",0.466666666666667,FALSE,"B0-D100-E1-F0-cod-10"
"11",1418010000,164172000,4084180000,0.339776895239681,0,0.2,20,132,0.2,0.1,0.1,6.8e-06,3.101,38.18,-0.276,1,0,0,0,0,1,1,18.7,0.65,0.4,0,0,0,0,0,0,0,50.8,-3,5.1,15,-999,999,41.8,-4,5.2,14,-99,99,0.1,100,0.1,100,0.1,100,167783000,2031.39,8.80879e-07,0,-24.1416,NA,NA,252.189,1760.33,NA,NA,NA,NA,NA,42.7618,0,0,0,0,0,2.13973e-17,5.49413e-18,4037960000,0.390367908547881,0,NA,NA,0.2,19.7191,131.872,0.202719,0.101228,0.098491,6.8e-06,3.101,38.18,-0.276,1,0,0,0,0,1,18.6817,0.65,0.4,0,0,0,0,0,0.015556,0,49.558,-3,4.94341,15,-999,999,41.7149,-4,5.15578,14,-99,99,0.1,100,0.1,100,0.1,100,167783000,717.356,3.10397e-14,0,-32.2338,NA,NA,530.909,259.116,NA,NA,NA,NA,NA,-40.4362,0,0,0.000931634,0,0,-0.826115,20.88049,99.304655,99.90896,0.92624,20,20,"B0-D100-E1-F0-cod",11,"B0","D100","E1","F0","cod",0.00257623,"#V3.24O",0.5,FALSE,"B0-D100-E1-F0-cod-11"
"12",1418010000,164172000,4084180000,0.436014083610419,0,0.2,20,132,0.2,0.1,0.1,6.8e-06,3.101,38.18,-0.276,1,0,0,0,0,1,1,18.7,0.65,0.4,0,0,0,0,0,0,0,50.8,-3,5.1,15,-999,999,41.8,-4,5.2,14,-99,99,0.1,100,0.1,100,0.1,100,213311000,2102.84,8.86254e-07,0,-24.1416,NA,NA,255.996,1812.78,NA,NA,NA,NA,NA,57.9527,0,0,0,0,0,2.00994e-17,5.1108e-18,4297320000,0.410490724451519,0,NA,NA,0.2,20.5412,132.861,0.194391,0.0981405,0.097899,6.8e-06,3.101,38.18,-0.276,1,0,0,0,0,1,18.7554,0.65,0.4,0,0,0,0,0,-0.0181618,0,50.8442,-3,5.09855,15,-999,999,48.2266,-4,6.47844,14,-99,99,0.1,100,0.1,100,0.1,100,213311000,818.447,2.08207e-14,0,-29.6102,NA,NA,593.392,281.601,NA,NA,NA,NA,NA,-26.9362,0,0,0.000751021,0,0,-0.826115,20.88049,99.304655,99.90896,0.92624,20,20,"B0-D100-E1-F0-cod",12,"B0","D100","E1","F0","cod",4.37621e-05,"#V3.24O",0.483333333333333,FALSE,"B0-D100-E1-F0-cod-12"
"13",1418010000,164172000,4084180000,0.31364435455832,0,0.2,20,132,0.2,0.1,0.1,6.8e-06,3.101,38.18,-0.276,1,0,0,0,0,1,1,18.7,0.65,0.4,0,0,0,0,0,0,0,50.8,-3,5.1,15,-999,999,41.8,-4,5.2,14,-99,99,0.1,100,0.1,100,0.1,100,156183000,1985.09,8.13706e-07,0,-24.1416,NA,NA,243.349,1719.6,NA,NA,NA,NA,NA,46.0246,0,0,0,0,0,1.91874e-17,4.84872e-18,4476980000,0.30213224093027,0,NA,NA,0.2,19.9452,132.714,0.198748,0.102594,0.0976276,6.8e-06,3.101,38.18,-0.276,1,0,0,0,0,1,18.7832,0.65,0.4,0,0,0,0,0,0.0110598,0,49.727,-3,5.00043,15,-999,999,40.312,-4,4.91655,14,-99,99,0.1,100,0.1,100,0.1,100,156183000,700.62,2.60438e-14,0,-32.7043,NA,NA,533.138,239.936,NA,NA,NA,NA,NA,-39.7511,0,0,0.000963652,0,0,-0.826115,20.88049,99.304655,99.90896,0.92624,20,20,"B0-D100-E1-F0-cod",13,"B0","D100","E1","F0","cod",0.00343402,"#V3.24O",0.516666666666667,FALSE,"B0-D100-E1-F0-cod-13"
"14",1418010000,164172000,4084180000,0.330012389267858,0,0.2,20,132,0.2,0.1,0.1,6.8e-06,3.101,38.18,-0.276,1,0,0,0,0,1,1,18.7,0.65,0.4,0,0,0,0,0,0,0,50.8,-3,5.1,15,-999,999,41.8,-4,5.2,14,-99,99,0.1,100,0.1,100,0.1,100,163472000,2005.98,7.44169e-07,0,-24.1416,NA,NA,249.346,1743.15,NA,NA,NA,NA,NA,37.3791,0,0,0,0,0,1.98818e-17,5.10743e-18,4354400000,0.312323167370935,0,NA,NA,0.2,19.8613,132.967,0.199418,0.102119,0.0963212,6.8e-06,3.101,38.18,-0.276,1,0,0,0,0,1,18.748,0.65,0.4,0,0,0,0,0,-0.0254021,0,49.9381,-3,4.93868,15,-999,999,41.1008,-4,5.08597,14,-99,99,0.1,100,0.1,100,0.1,100,163472000,749.477,1.94458e-14,0,-29.704,NA,NA,566.499,254.159,NA,NA,NA,NA,NA,-41.4782,0,0,0.000943413,0,0,-0.826115,20.88049,99.304655,99.90896,0.92624,20,20,"B0-D100-E1-F0-cod",14,"B0","D100","E1","F0","cod",0.000295405,"#V3.24O",0.516666666666667,FALSE,"B0-D100-E1-F0-cod-14"
"15",1418010000,164172000,4084180000,0.272953199907937,0,0.2,20,132,0.2,0.1,0.1,6.8e-06,3.101,38.18,-0.276,1,0,0,0,0,1,1,18.7,0.65,0.4,0,0,0,0,0,0,0,50.8,-3,5.1,15,-999,999,41.8,-4,5.2,14,-99,99,0.1,100,0.1,100,0.1,100,137587000,2036.45,9.81059e-07,0,-24.1416,NA,NA,253.094,1758.75,NA,NA,NA,NA,NA,48.4975,0,0,0,0,0,2.14705e-17,5.49322e-18,4025700000,0.282725985542887,0,NA,NA,0.2,20.102,132.402,0.198052,0.0990295,0.099284,6.8e-06,3.101,38.18,-0.276,1,0,0,0,0,1,18.6856,0.65,0.4,0,0,0,0,0,0.0446299,0,50.2349,-3,5.01364,15,-999,999,40.8267,-4,4.94425,14,-99,99,0.1,100,0.1,100,0.1,100,137587000,795.084,1.98053e-14,0,-27.5126,NA,NA,568.14,288.76,NA,NA,NA,NA,NA,-34.3048,0,0,0.000953698,0,0,-0.826115,20.88049,99.304655,99.90896,0.92624,20,20,"B0-D100-E1-F0-cod",15,"B0","D100","E1","F0","cod",0.000305463,"#V3.24O",0.483333333333333,FALSE,"B0-D100-E1-F0-cod-15"
"16",1418010000,164172000,4084180000,0.492216307802301,0,0.2,20,132,0.2,0.1,0.1,6.8e-06,3.101,38.18,-0.276,1,0,0,0,0,1,1,18.7,0.65,0.4,0,0,0,0,0,0,0,50.8,-3,5.1,15,-999,999,41.8,-4,5.2,14,-99,99,0.1,100,0.1,100,0.1,100,247559000,2106.7,8.38084e-07,0,-24.1416,NA,NA,258.68,1821.29,NA,NA,NA,NA,NA,50.6279,0,0,0,0,0,1.96868e-17,5.05616e-18,4401290000,0.404133788048504,0,NA,NA,0.2,20.0905,131.91,0.199921,0.0993706,0.102791,6.8e-06,3.101,38.18,-0.276,1,0,0,0,0,1,18.7751,0.65,0.4,0,0,0,0,0,-0.0156308,0,51.0831,-3,5.14215,15,-999,999,44.0979,-4,5.64123,14,-99,99,0.1,100,0.1,100,0.1,100,247559000,754.441,2.27473e-14,0,-27.3216,NA,NA,582.415,238.908,NA,NA,NA,NA,NA,-39.5612,0,0,0.000828571,0,0,-0.826115,20.88049,99.304655,99.90896,0.92624,20,20,"B0-D100-E1-F0-cod",16,"B0","D100","E1","F0","cod",0.000486367,"#V3.24O",0.483333333333333,FALSE,"B0-D100-E1-F0-cod-16"
"17",1418010000,164172000,4084180000,0.320299301206117,0,0.2,20,132,0.2,0.1,0.1,6.8e-06,3.101,38.18,-0.276,1,0,0,0,0,1,1,18.7,0.65,0.4,0,0,0,0,0,0,0,50.8,-3,5.1,15,-999,999,41.8,-4,5.2,14,-99,99,0.1,100,0.1,100,0.1,100,157816000,1978.18,6.77108e-07,0,-24.1416,NA,NA,244.46,1716.23,NA,NA,NA,NA,NA,41.3784,0,0,0,0,0,1.93288e-17,4.96344e-18,4481300000,0.310342980831455,0,NA,NA,0.2,19.7281,132.313,0.200562,0.102979,0.0986122,6.8e-06,3.101,38.18,-0.276,1,0,0,0,0,1,18.7858,0.65,0.4,0,0,0,0,0,0.0451313,0,51.2758,-3,5.16569,15,-999,999,40.3159,-4,4.86079,14,-99,99,0.1,100,0.1,100,0.1,100,157816000,756.316,2.46492e-14,0,-31.644,NA,NA,548.262,278.571,NA,NA,NA,NA,NA,-38.8739,0,0,0.00094419,0,0,-0.826115,20.88049,99.304655,99.90896,0.92624,20,20,"B0-D100-E1-F0-cod",17,"B0","D100","E1","F0","cod",0.00665882,"#V3.24O",0.483333333333333,FALSE,"B0-D100-E1-F0-cod-17"
"18",1418010000,164172000,4084180000,0.367285477133721,0,0.2,20,132,0.2,0.1,0.1,6.8e-06,3.101,38.18,-0.276,1,0,0,0,0,1,1,18.7,0.65,0.4,0,0,0,0,0,0,0,50.8,-3,5.1,15,-999,999,41.8,-4,5.2,14,-99,99,0.1,100,0.1,100,0.1,100,181148000,2067.84,8.50354e-07,0,-24.1416,NA,NA,255.961,1783.33,NA,NA,NA,NA,NA,52.4407,0,0,0,0,0,1.96344e-17,4.99832e-18,4399370000,0.371496373344365,0,NA,NA,0.2,20.1666,132.785,0.196731,0.0988878,0.100443,6.8e-06,3.101,38.18,-0.276,1,0,0,0,0,1,18.7711,0.65,0.4,0,0,0,0,0,-0.0194609,0,51.0848,-3,5.13726,15,-999,999,42.8035,-4,5.42177,14,-99,99,0.1,100,0.1,100,0.1,100,181148000,752.547,1.44107e-14,0,-27.1064,NA,NA,537.559,278.582,NA,NA,NA,NA,NA,-36.4879,0,0,0.000858956,0,0,-0.826115,20.88049,99.304655,99.90896,0.92624,20,20,"B0-D100-E1-F0-cod",18,"B0","D100","E1","F0","cod",7.77463e-05,"#V3.24O",0.466666666666667,FALSE,"B0-D100-E1-F0-cod-18"
"19",1418010000,164172000,4084180000,0.275303732940272,0,0.2,20,132,0.2,0.1,0.1,6.8e-06,3.101,38.18,-0.276,1,0,0,0,0,1,1,18.7,0.65,0.4,0,0,0,0,0,0,0,50.8,-3,5.1,15,-999,999,41.8,-4,5.2,14,-99,99,0.1,100,0.1,100,0.1,100,136705000,2072.64,1.0414e-06,0,-24.1416,NA,NA,258.966,1766.74,NA,NA,NA,NA,NA,70.8261,0,0,0,0,0,2.22582e-17,5.73089e-18,3905520000,0.32986132448432,0,NA,NA,0.2,20.0945,132.947,0.198279,0.100721,0.0951121,6.8e-06,3.101,38.18,-0.276,1,0,0,0,0,1,18.6438,0.65,0.4,0,0,0,0,0,-0.0306883,0,51.8918,-3,5.20137,15,-999,999,41.9757,-4,5.28749,14,-99,99,0.1,100,0.1,100,0.1,100,136705000,781.356,2.85867e-14,0,-29.5579,NA,NA,578.129,255.136,NA,NA,NA,NA,NA,-22.3516,0,0,0.000868575,0,0,-0.826115,20.88049,99.304655,99.90896,0.92624,20,20,"B0-D100-E1-F0-cod",19,"B0","D100","E1","F0","cod",0.000893041,"#V3.24O",0.5,FALSE,"B0-D100-E1-F0-cod-19"
"20",1418010000,164172000,4084180000,0.231355865804152,0,0.2,20,132,0.2,0.1,0.1,6.8e-06,3.101,38.18,-0.276,1,0,0,0,0,1,1,18.7,0.65,0.4,0,0,0,0,0,0,0,50.8,-3,5.1,15,-999,999,41.8,-4,5.2,14,-99,99,0.1,100,0.1,100,0.1,100,118617000,1954,1.22059e-06,0,-24.1416,NA,NA,240.746,1680.72,NA,NA,NA,NA,NA,56.427,0,0,0,0,0,2.30092e-17,5.98253e-18,3794900000,0.235124772721284,0,NA,NA,0.2,20.2879,132.223,0.197623,0.100343,0.0999322,6.8e-06,3.101,38.18,-0.276,1,0,0,0,0,1,18.6304,0.65,0.4,0,0,0,0,0,0.0279472,0,51.9389,-3,5.18793,15,-999,999,43.1236,-4,5.45913,14,-99,99,0.1,100,0.1,100,0.1,100,118617000,790.866,2.328e-14,0,-25.9709,NA,NA,577.106,276.901,NA,NA,NA,NA,NA,-37.1704,0,0,0.000844865,0,0,-0.826115,20.88049,99.304655,99.90896,0.92624,20,20,"B0-D100-E1-F0-cod",20,"B0","D100","E1","F0","cod",0.00485569,"#V3.24O",0.5,FALSE,"B0-D100-E1-F0-cod-20"
"21",1418010000,164172000,4084180000,0.267108697461914,0,0.2,20,132,0.2,0.1,0.1,6.8e-06,3.101,38.18,-0.276,1,0,0,0,0,1,1,18.7,0.65,0.4,0,0,0,0,0,0,0,50.8,-3,5.1,15,-999,999,41.8,-4,5.2,14,-99,99,0.1,100,0.1,100,0.1,100,134286000,2011.09,9.6279e-07,0,-24.1416,NA,NA,245.864,1738.57,NA,NA,NA,NA,NA,50.5516,0,0,0,0,0,2.27127e-17,5.90173e-18,3835820000,0.281134151237545,0,NA,NA,0.2,19.9092,131.639,0.201227,0.101165,0.0986553,6.8e-06,3.101,38.18,-0.276,1,0,0,0,0,1,18.6408,0.65,0.4,0,0,0,0,0,-0.00168993,0,51.6721,-3,5.19042,15,-999,999,42.1444,-4,5.23582,14,-99,99,0.1,100,0.1,100,0.1,100,134286000,735.364,2.34097e-14,0,-26.4871,NA,NA,538.01,263.376,NA,NA,NA,NA,NA,-39.5355,0,0,0.000877374,0,0,-0.826115,20.88049,99.304655,99.90896,0.92624,20,20,"B0-D100-E1-F0-cod",21,"B0","D100","E1","F0","cod",0.000167301,"#V3.24O",0.483333333333333,FALSE,"B0-D100-E1-F0-cod-21"
"22",1418010000,164172000,4084180000,0.273489415255939,0,0.2,20,132,0.2,0.1,0.1,6.8e-06,3.101,38.18,-0.276,1,0,0,0,0,1,1,18.7,0.65,0.4,0,0,0,0,0,0,0,50.8,-3,5.1,15,-999,999,41.8,-4,5.2,14,-99,99,0.1,100,0.1,100,0.1,100,135278000,2010.18,8.07702e-07,0,-24.1416,NA,NA,248.947,1723.55,NA,NA,NA,NA,NA,61.58,0,0,0,0,0,2.16865e-17,5.57592e-18,3988580000,0.293543065451865,0,NA,NA,0.2,19.8219,131.312,0.201235,0.102161,0.101608,6.8e-06,3.101,38.18,-0.276,1,0,0,0,0,1,18.6864,0.65,0.4,0,0,0,0,0,-0.0508117,0,50.4329,-3,5.08201,15,-999,999,39.6552,-4,4.80047,14,-99,99,0.1,100,0.1,100,0.1,100,135278000,739.167,2.24924e-14,0,-29.8637,NA,NA,556.302,243.604,NA,NA,NA,NA,NA,-30.8758,0,0,0.000971159,0,0,-0.826115,20.88049,99.304655,99.90896,0.92624,20,20,"B0-D100-E1-F0-cod",22,"B0","D100","E1","F0","cod",0.00701344,"#V3.24O",0.483333333333333,FALSE,"B0-D100-E1-F0-cod-22"
"23",1418010000,164172000,4084180000,0.362146134597398,0,0.2,20,132,0.2,0.1,0.1,6.8e-06,3.101,38.18,-0.276,1,0,0,0,0,1,1,18.7,0.65,0.4,0,0,0,0,0,0,0,50.8,-3,5.1,15,-999,999,41.8,-4,5.2,14,-99,99,0.1,100,0.1,100,0.1,100,179790000,2037.01,7.99159e-07,0,-24.1416,NA,NA,249.945,1769.67,NA,NA,NA,NA,NA,41.2949,0,0,0,0,0,2.07058e-17,5.3201e-18,4183790000,0.354905480437594,0,NA,NA,0.2,20.2897,131.653,0.199531,0.0985943,0.107396,6.8e-06,3.101,38.18,-0.276,1,0,0,0,0,1,18.728,0.65,0.4,0,0,0,0,0,0.016654,0,50.5278,-3,5.0678,15,-999,999,45.0534,-4,5.84774,14,-99,99,0.1,100,0.1,100,0.1,100,179790000,783.236,3.21132e-14,0,-25.1698,NA,NA,574.213,278.604,NA,NA,NA,NA,NA,-44.4118,0,0,0.000815775,0,0,-0.826115,20.88049,99.304655,99.90896,0.92624,20,20,"B0-D100-E1-F0-cod",23,"B0","D100","E1","F0","cod",0.000951608,"#V3.24O",0.5,FALSE,"B0-D100-E1-F0-cod-23"
"24",1418010000,164172000,4084180000,0.380730036384293,0,0.2,20,132,0.2,0.1,0.1,6.8e-06,3.101,38.18,-0.276,1,0,0,0,0,1,1,18.7,0.65,0.4,0,0,0,0,0,0,0,50.8,-3,5.1,15,-999,999,41.8,-4,5.2,14,-99,99,0.1,100,0.1,100,0.1,100,186594000,2064.87,7.86865e-07,0,-24.1416,NA,NA,252.785,1787.01,NA,NA,NA,NA,NA,48.974,0,0,0,0,0,2.01408e-17,5.21114e-18,4309180000,0.358676128637003,0,NA,NA,0.2,19.8764,131.438,0.201907,0.10099,0.0977685,6.8e-06,3.101,38.18,-0.276,1,0,0,0,0,1,18.7592,0.65,0.4,0,0,0,0,0,-0.0693436,0,50.5932,-3,5.07078,15,-999,999,40.7368,-4,4.96396,14,-99,99,0.1,100,0.1,100,0.1,100,186594000,737.494,1.73618e-14,0,-23.2758,NA,NA,528.653,271.49,NA,NA,NA,NA,NA,-39.3739,0,0,0.000941571,0,0,-0.826115,20.88049,99.304655,99.90896,0.92624,20,20,"B0-D100-E1-F0-cod",24,"B0","D100","E1","F0","cod",0.00636924,"#V3.24O",0.5,FALSE,"B0-D100-E1-F0-cod-24"
"25",1418010000,164172000,4084180000,0.275367393209898,0,0.2,20,132,0.2,0.1,0.1,6.8e-06,3.101,38.18,-0.276,1,0,0,0,0,1,1,18.7,0.65,0.4,0,0,0,0,0,0,0,50.8,-3,5.1,15,-999,999,41.8,-4,5.2,14,-99,99,0.1,100,0.1,100,0.1,100,134412000,2026.92,1.02404e-06,0,-24.1416,NA,NA,246.747,1745.13,NA,NA,NA,NA,NA,58.9351,0,0,0,0,0,2.30511e-17,6.01292e-18,3784920000,0.356905826279023,0,NA,NA,0.2,19.927,131.539,0.202022,0.100579,0.0990919,6.8e-06,3.101,38.18,-0.276,1,0,0,0,0,1,18.6257,0.65,0.4,0,0,0,0,0,-0.0598329,0,51.4059,-3,5.14104,15,-999,999,42.0737,-4,5.22691,14,-99,99,0.1,100,0.1,100,0.1,100,134412000,737.166,2.2444e-14,0,-28.9374,NA,NA,563.089,237.751,NA,NA,NA,NA,NA,-34.7387,0,0,0.000886349,0,0,-0.826115,20.88049,99.304655,99.90896,0.92624,20,20,"B0-D100-E1-F0-cod",25,"B0","D100","E1","F0","cod",0.000444814,"#V3.24O",0.5,FALSE,"B0-D100-E1-F0-cod-25"
"26",1418010000,164172000,4084180000,0.341101518542278,0,0.2,20,132,0.2,0.1,0.1,6.8e-06,3.101,38.18,-0.276,1,0,0,0,0,1,1,18.7,0.65,0.4,0,0,0,0,0,0,0,50.8,-3,5.1,15,-999,999,41.8,-4,5.2,14,-99,99,0.1,100,0.1,100,0.1,100,166019000,2060.64,9.24754e-07,0,-24.1416,NA,NA,259.727,1775.73,NA,NA,NA,NA,NA,49.0784,0,0,0,0,0,2.11336e-17,5.44303e-18,4092170000,0.350958049152406,0,NA,NA,0.2,20.0106,130.796,0.202213,0.0993823,0.100366,6.8e-06,3.101,38.18,-0.276,1,0,0,0,0,1,18.7183,0.65,0.4,0,0,0,0,0,-0.0813361,0,49.6733,-3,4.98391,15,-999,999,41.6228,-4,5.17093,14,-99,99,0.1,100,0.1,100,0.1,100,166019000,801.94,7.98027e-15,0,-29.8623,NA,NA,575.886,291.769,NA,NA,NA,NA,NA,-35.8542,0,0,0.000923131,0,0,-0.826115,20.88049,99.304655,99.90896,0.92624,20,20,"B0-D100-E1-F0-cod",26,"B0","D100","E1","F0","cod",0.00746846,"#V3.24O",0.483333333333333,FALSE,"B0-D100-E1-F0-cod-26"
"27",1418010000,164172000,4084180000,0.32447394581042,0,0.2,20,132,0.2,0.1,0.1,6.8e-06,3.101,38.18,-0.276,1,0,0,0,0,1,1,18.7,0.65,0.4,0,0,0,0,0,0,0,50.8,-3,5.1,15,-999,999,41.8,-4,5.2,14,-99,99,0.1,100,0.1,100,0.1,100,160181000,2023.31,9.91903e-07,0,-24.1416,NA,NA,247.62,1754.43,NA,NA,NA,NA,NA,45.1564,0,0,0,0,0,2.21272e-17,5.68782e-18,3910450000,0.312997225383268,0,NA,NA,0.2,19.5083,131.79,0.203116,0.102511,0.100083,6.8e-06,3.101,38.18,-0.276,1,0,0,0,0,1,18.6505,0.65,0.4,0,0,0,0,0,0.0558029,0,50.8616,-3,5.13152,15,-999,999,39.3255,-4,4.66359,14,-99,99,0.1,100,0.1,100,0.1,100,160181000,764.341,2.6384e-14,0,-27.8153,NA,NA,601.125,237.135,NA,NA,NA,NA,NA,-46.104,0,0,0.000987252,0,0,-0.826115,20.88049,99.304655,99.90896,0.92624,20,20,"B0-D100-E1-F0-cod",27,"B0","D100","E1","F0","cod",0.00808594,"#V3.24O",0.483333333333333,FALSE,"B0-D100-E1-F0-cod-27"
"28",1418010000,164172000,4084180000,0.269136032202303,0,0.2,20,132,0.2,0.1,0.1,6.8e-06,3.101,38.18,-0.276,1,0,0,0,0,1,1,18.7,0.65,0.4,0,0,0,0,0,0,0,50.8,-3,5.1,15,-999,999,41.8,-4,5.2,14,-99,99,0.1,100,0.1,100,0.1,100,133688000,2023.75,1.23218e-06,0,-24.1416,NA,NA,250.539,1740.79,NA,NA,NA,NA,NA,56.3047,0,0,0,0,0,2.3672e-17,6.07775e-18,3661290000,0.312876062808464,0,NA,NA,0.2,20.1653,132.29,0.198099,0.0967441,0.103326,6.8e-06,3.101,38.18,-0.276,1,0,0,0,0,1,18.5907,0.65,0.4,0,0,0,0,0,-0.00158634,0,50.9666,-3,5.09853,15,-999,999,42.2557,-4,5.26369,14,-99,99,0.1,100,0.1,100,0.1,100,133688000,785.896,2.11679e-14,0,-30.235,NA,NA,570.157,284.228,NA,NA,NA,NA,NA,-38.2551,0,0,0.000887742,0,0,-0.826115,20.88049,99.304655,99.90896,0.92624,20,20,"B0-D100-E1-F0-cod",28,"B0","D100","E1","F0","cod",0.000875355,"#V3.24O",0.483333333333333,FALSE,"B0-D100-E1-F0-cod-28"
"29",1418010000,164172000,4084180000,0.344862371394013,0,0.2,20,132,0.2,0.1,0.1,6.8e-06,3.101,38.18,-0.276,1,0,0,0,0,1,1,18.7,0.65,0.4,0,0,0,0,0,0,0,50.8,-3,5.1,15,-999,999,41.8,-4,5.2,14,-99,99,0.1,100,0.1,100,0.1,100,170754000,2064.02,6.28489e-07,0,-24.1416,NA,NA,247.987,1784.03,NA,NA,NA,NA,NA,55.8963,0,0,0,0,0,2.00093e-17,5.00488e-18,4284960000,0.374647604645084,0,NA,NA,0.2,20.2735,134.511,0.192467,0.102812,0.0897554,6.8e-06,3.101,38.18,-0.276,1,0,0,0,0,1,18.7314,0.65,0.4,0,0,0,0,0,-0.0166355,0,50.1772,-3,5.02229,15,-999,999,42.7318,-4,5.3332,14,-99,99,0.1,100,0.1,100,0.1,100,170754000,740.182,1.78727e-14,0,-21.3472,NA,NA,538.954,252.512,NA,NA,NA,NA,NA,-29.9381,0,0,0.000890357,0,0,-0.826115,20.88049,99.304655,99.90896,0.92624,20,20,"B0-D100-E1-F0-cod",29,"B0","D100","E1","F0","cod",0.00158508,"#V3.24O",0.483333333333333,FALSE,"B0-D100-E1-F0-cod-29"
"30",1418010000,164172000,4084180000,0.36396290075364,0,0.2,20,132,0.2,0.1,0.1,6.8e-06,3.101,38.18,-0.276,1,0,0,0,0,1,1,18.7,0.65,0.4,0,0,0,0,0,0,0,50.8,-3,5.1,15,-999,999,41.8,-4,5.2,14,-99,99,0.1,100,0.1,100,0.1,100,178862000,2068.29,6.05821e-07,0,-24.1416,NA,NA,257.194,1791.63,NA,NA,NA,NA,NA,43.3633,0,0,0,0,0,2.03307e-17,5.22537e-18,4263770000,0.330106924153976,0,NA,NA,0.2,20.4556,132.276,0.196043,0.0993356,0.0987438,6.8e-06,3.101,38.18,-0.276,1,0,0,0,0,1,18.7526,0.65,0.4,0,0,0,0,0,-0.0214043,0,50.411,-3,5.01737,15,-999,999,45.7256,-4,6.02443,14,-99,99,0.1,100,0.1,100,0.1,100,178862000,824.215,2.26037e-14,0,-29.3275,NA,NA,580.643,311.553,NA,NA,NA,NA,NA,-38.6549,0,0,0.00080392,0,0,-0.826115,20.88049,99.304655,99.90896,0.92624,20,20,"B0-D100-E1-F0-cod",30,"B0","D100","E1","F0","cod",0.000648868,"#V3.24O",0.5,FALSE,"B0-D100-E1-F0-cod-30"
"31",1418010000,164172000,4084180000,0.317385619634786,0,0.2,20,132,0.2,0.1,0.1,6.8e-06,3.101,38.18,-0.276,1,0,0,0,0,1,1,18.7,0.65,0.4,0,0,0,0,0,0,0,50.8,-3,5.1,15,-999,999,41.8,-4,5.2,14,-99,99,0.1,100,0.1,100,0.1,100,156029000,2024.45,9.08576e-07,0,-24.1416,NA,NA,249.683,1739.03,NA,NA,NA,NA,NA,59.6288,0,0,0,0,0,2.21836e-17,5.7293e-18,3910410000,0.339951565181145,0,NA,NA,0.2,20.085,131.571,0.201076,0.100165,0.102784,6.8e-06,3.101,38.18,-0.276,1,0,0,0,0,1,18.6588,0.65,0.4,0,0,0,0,0,-0.0499542,0,50.2221,-3,5.01411,15,-999,999,43.5311,-4,5.55685,14,-99,99,0.1,100,0.1,100,0.1,100,156029000,834.498,1.46792e-14,0,-30.7127,NA,NA,587.977,306.01,NA,NA,NA,NA,NA,-28.7759,0,0,0.000860498,0,0,-0.826115,20.88049,99.304655,99.90896,0.92624,20,20,"B0-D100-E1-F0-cod",31,"B0","D100","E1","F0","cod",0.000218801,"#V3.24O",0.483333333333333,FALSE,"B0-D100-E1-F0-cod-31"
"32",1418010000,164172000,4084180000,0.355478945590057,0,0.2,20,132,0.2,0.1,0.1,6.8e-06,3.101,38.18,-0.276,1,0,0,0,0,1,1,18.7,0.65,0.4,0,0,0,0,0,0,0,50.8,-3,5.1,15,-999,999,41.8,-4,5.2,14,-99,99,0.1,100,0.1,100,0.1,100,177687000,2020.9,6.71977e-07,0,-24.1416,NA,NA,253.814,1748.12,NA,NA,NA,NA,NA,42.8492,0,0,0,0,0,1.95738e-17,5.0172e-18,4422990000,0.320975177425226,0,NA,NA,0.2,20.1268,132.035,0.199623,0.0982202,0.0989189,6.8e-06,3.101,38.18,-0.276,1,0,0,0,0,1,18.7804,0.65,0.4,0,0,0,0,0,0.0274374,0,51.0401,-3,5.13804,15,-999,999,42.4451,-4,5.3348,14,-99,99,0.1,100,0.1,100,0.1,100,177687000,723.285,2.16255e-14,0,-29.2968,NA,NA,540.934,248.71,NA,NA,NA,NA,NA,-37.0634,0,0,0.00087146,0,0,-0.826115,20.88049,99.304655,99.90896,0.92624,20,20,"B0-D100-E1-F0-cod",32,"B0","D100","E1","F0","cod",0.00628067,"#V3.24O",0.5,FALSE,"B0-D100-E1-F0-cod-32"
"33",1418010000,164172000,4084180000,0.295378754119554,0,0.2,20,132,0.2,0.1,0.1,6.8e-06,3.101,38.18,-0.276,1,0,0,0,0,1,1,18.7,0.65,0.4,0,0,0,0,0,0,0,50.8,-3,5.1,15,-999,999,41.8,-4,5.2,14,-99,99,0.1,100,0.1,100,0.1,100,145831000,2015.26,8.35358e-07,0,-24.1416,NA,NA,244.994,1739.77,NA,NA,NA,NA,NA,54.3918,0,0,0,0,0,2.14374e-17,5.46349e-18,4025870000,0.286059907547934,0,NA,NA,0.2,19.9659,132.207,0.199944,0.102161,0.0976043,6.8e-06,3.101,38.18,-0.276,1,0,0,0,0,1,18.6824,0.65,0.4,0,0,0,0,0,-0.00121632,0,50.8373,-3,5.14091,15,-999,999,41.0329,-4,5.04032,14,-99,99,0.1,100,0.1,100,0.1,100,145831000,811.01,2.04127e-14,0,-24.0424,NA,NA,568.575,299.276,NA,NA,NA,NA,NA,-32.7994,0,0,0.000917958,0,0,-0.826115,20.88049,99.304655,99.90896,0.92624,20,20,"B0-D100-E1-F0-cod",33,"B0","D100","E1","F0","cod",0.000374607,"#V3.24O",0.516666666666667,FALSE,"B0-D100-E1-F0-cod-33"
"34",1418010000,164172000,4084180000,0.371384219108854,0,0.2,20,132,0.2,0.1,0.1,6.8e-06,3.101,38.18,-0.276,1,0,0,0,0,1,1,18.7,0.65,0.4,0,0,0,0,0,0,0,50.8,-3,5.1,15,-999,999,41.8,-4,5.2,14,-99,99,0.1,100,0.1,100,0.1,100,186598000,2074.92,9.03591e-07,0,-24.1416,NA,NA,256.185,1795.88,NA,NA,NA,NA,NA,46.7456,0,0,0,0,0,2.09393e-17,5.31544e-18,4111410000,0.360552705762743,0,NA,NA,0.2,20.1393,132.578,0.197387,0.101851,0.0969582,6.8e-06,3.101,38.18,-0.276,1,0,0,0,0,1,18.7063,0.65,0.4,0,0,0,0,0,-0.0129863,0,49.7262,-3,4.97706,15,-999,999,42.4816,-4,5.35967,14,-99,99,0.1,100,0.1,100,0.1,100,186598000,750.978,2.1666e-14,0,-28.182,NA,NA,546.624,268.011,NA,NA,NA,NA,NA,-35.4766,0,0,0.000895254,0,0,-0.826115,20.88049,99.304655,99.90896,0.92624,20,20,"B0-D100-E1-F0-cod",34,"B0","D100","E1","F0","cod",0.0064416,"#V3.24O",0.516666666666667,FALSE,"B0-D100-E1-F0-cod-34"
"35",1418010000,164172000,4084180000,0.435739854756646,0,0.2,20,132,0.2,0.1,0.1,6.8e-06,3.101,38.18,-0.276,1,0,0,0,0,1,1,18.7,0.65,0.4,0,0,0,0,0,0,0,50.8,-3,5.1,15,-999,999,41.8,-4,5.2,14,-99,99,0.1,100,0.1,100,0.1,100,219824000,2097.11,8.84461e-07,0,-24.1416,NA,NA,256.386,1816.12,NA,NA,NA,NA,NA,48.5012,0,0,0,0,0,2.10243e-17,5.40414e-18,4123020000,0.414193964618168,0,NA,NA,0.2,19.9352,132.125,0.201181,0.0994387,0.0990668,6.8e-06,3.101,38.18,-0.276,1,0,0,0,0,1,18.7022,0.65,0.4,0,0,0,0,0,0.00131038,0,51.2162,-3,5.15387,15,-999,999,42.6032,-4,5.33655,14,-99,99,0.1,100,0.1,100,0.1,100,219824000,768.727,2.57434e-14,0,-28.7435,NA,NA,560.969,275.137,NA,NA,NA,NA,NA,-38.6369,0,0,0.00086831,0,0,-0.826115,20.88049,99.304655,99.90896,0.92624,20,20,"B0-D100-E1-F0-cod",35,"B0","D100","E1","F0","cod",0.00749904,"#V3.24O",0.516666666666667,FALSE,"B0-D100-E1-F0-cod-35"
"36",1418010000,164172000,4084180000,0.352888462310672,0,0.2,20,132,0.2,0.1,0.1,6.8e-06,3.101,38.18,-0.276,1,0,0,0,0,1,1,18.7,0.65,0.4,0,0,0,0,0,0,0,50.8,-3,5.1,15,-999,999,41.8,-4,5.2,14,-99,99,0.1,100,0.1,100,0.1,100,174961000,2074.12,9.83752e-07,0,-24.1416,NA,NA,257.783,1786.45,NA,NA,NA,NA,NA,53.774,0,0,0,0,0,2.19583e-17,5.73203e-18,3976120000,0.340226150116194,0,NA,NA,0.2,20.1539,131.275,0.200533,0.100895,0.0999872,6.8e-06,3.101,38.18,-0.276,1,0,0,0,0,1,18.6854,0.65,0.4,0,0,0,0,0,-0.0103837,0,51.5219,-3,5.1607,15,-999,999,43.4443,-4,5.478,14,-99,99,0.1,100,0.1,100,0.1,100,174961000,766.661,2.83868e-14,0,-31.0087,NA,NA,580.287,251.872,NA,NA,NA,NA,NA,-34.4899,0,0,0.000846586,0,0,-0.826115,20.88049,99.304655,99.90896,0.92624,20,20,"B0-D100-E1-F0-cod",36,"B0","D100","E1","F0","cod",0.000617031,"#V3.24O",0.483333333333333,FALSE,"B0-D100-E1-F0-cod-36"
"37",1418010000,164172000,4084180000,0.359959649182945,0,0.2,20,132,0.2,0.1,0.1,6.8e-06,3.101,38.18,-0.276,1,0,0,0,0,1,1,18.7,0.65,0.4,0,0,0,0,0,0,0,50.8,-3,5.1,15,-999,999,41.8,-4,5.2,14,-99,99,0.1,100,0.1,100,0.1,100,175645000,2020.6,1.11633e-06,0,-24.1416,NA,NA,249.019,1748.53,NA,NA,NA,NA,NA,46.9417,0,0,0,0,0,2.08705e-17,5.27682e-18,4125540000,0.313580767608604,0,NA,NA,0.2,20.3115,133.032,0.196049,0.0968512,0.0975255,6.8e-06,3.101,38.18,-0.276,1,0,0,0,0,1,18.7051,0.65,0.4,0,0,0,0,0,0.0144599,0,50.5853,-3,5.08346,15,-999,999,43.9071,-4,5.61416,14,-99,99,0.1,100,0.1,100,0.1,100,175645000,791.075,2.55085e-14,0,-31.4651,NA,NA,583.575,276.613,NA,NA,NA,NA,NA,-37.6491,0,0,0.000841699,0,0,-0.826115,20.88049,99.304655,99.90896,0.92624,20,20,"B0-D100-E1-F0-cod",37,"B0","D100","E1","F0","cod",0.00989429,"#V3.24O",0.483333333333333,FALSE,"B0-D100-E1-F0-cod-37"
"38",1418010000,164172000,4084180000,0.246786380619855,0,0.2,20,132,0.2,0.1,0.1,6.8e-06,3.101,38.18,-0.276,1,0,0,0,0,1,1,18.7,0.65,0.4,0,0,0,0,0,0,0,50.8,-3,5.1,15,-999,999,41.8,-4,5.2,14,-99,99,0.1,100,0.1,100,0.1,100,123129000,1963.28,1.10875e-06,0,-24.1416,NA,NA,243.62,1692.54,NA,NA,NA,NA,NA,51.0108,0,0,0,0,0,2.1569e-17,5.56987e-18,4020090000,0.294883945384307,0,NA,NA,0.2,19.7566,131.744,0.202907,0.100743,0.0975413,6.8e-06,3.101,38.18,-0.276,1,0,0,0,0,1,18.6794,0.65,0.4,0,0,0,0,0,-0.0371711,0,50.4421,-3,5.04899,15,-999,999,40.6688,-4,4.92144,14,-99,99,0.1,100,0.1,100,0.1,100,123129000,782.374,2.34077e-14,0,-27.9977,NA,NA,563.208,282.484,NA,NA,NA,NA,NA,-35.3213,0,0,0.00095204,0,0,-0.826115,20.88049,99.304655,99.90896,0.92624,20,20,"B0-D100-E1-F0-cod",38,"B0","D100","E1","F0","cod",8.86299e-05,"#V3.24O",0.5,FALSE,"B0-D100-E1-F0-cod-38"
"39",1418010000,164172000,4084180000,0.244596712191921,0,0.2,20,132,0.2,0.1,0.1,6.8e-06,3.101,38.18,-0.276,1,0,0,0,0,1,1,18.7,0.65,0.4,0,0,0,0,0,0,0,50.8,-3,5.1,15,-999,999,41.8,-4,5.2,14,-99,99,0.1,100,0.1,100,0.1,100,123669000,1965.78,8.31275e-07,0,-24.1416,NA,NA,244.635,1680.4,NA,NA,NA,NA,NA,64.6316,0,0,0,0,0,2.0231e-17,5.17025e-18,4270480000,0.276945448755175,0,NA,NA,0.2,19.8221,132.642,0.199889,0.100676,0.100074,6.8e-06,3.101,38.18,-0.276,1,0,0,0,0,1,18.7323,0.65,0.4,0,0,0,0,0,0.0215796,0,50.5112,-3,5.05925,15,-999,999,40.7271,-4,4.93063,14,-99,99,0.1,100,0.1,100,0.1,100,123669000,775.959,2.25567e-14,0,-30.5126,NA,NA,563.259,269.23,NA,NA,NA,NA,NA,-26.0189,0,0,0.000948672,0,0,-0.826115,20.88049,99.304655,99.90896,0.92624,20,20,"B0-D100-E1-F0-cod",39,"B0","D100","E1","F0","cod",0.000220481,"#V3.24O",0.533333333333333,FALSE,"B0-D100-E1-F0-cod-39"
"40",1418010000,164172000,4084180000,0.305591330450666,0,0.2,20,132,0.2,0.1,0.1,6.8e-06,3.101,38.18,-0.276,1,0,0,0,0,1,1,18.7,0.65,0.4,0,0,0,0,0,0,0,50.8,-3,5.1,15,-999,999,41.8,-4,5.2,14,-99,99,0.1,100,0.1,100,0.1,100,150756000,2048.11,1.18695e-06,0,-24.1416,NA,NA,248.05,1761.8,NA,NA,NA,NA,NA,62.16,0,0,0,0,0,2.36126e-17,6.08541e-18,3676360000,0.337417989533125,0,NA,NA,0.2,19.8933,132.332,0.199879,0.100469,0.0998129,6.8e-06,3.101,38.18,-0.276,1,0,0,0,0,1,18.5889,0.65,0.4,0,0,0,0,0,0.0202056,0,51.3225,-3,5.14562,15,-999,999,40.3541,-4,4.93574,14,-99,99,0.1,100,0.1,100,0.1,100,150756000,792.47,2.41444e-14,0,-30.1926,NA,NA,580.933,270.131,NA,NA,NA,NA,NA,-28.4011,0,0,0.000935089,0,0,-0.826115,20.88049,99.304655,99.90896,0.92624,20,20,"B0-D100-E1-F0-cod",40,"B0","D100","E1","F0","cod",0.00145796,"#V3.24O",0.516666666666667,FALSE,"B0-D100-E1-F0-cod-40"
"41",1418010000,164172000,4084180000,0.363123074888962,0,0.2,20,132,0.2,0.1,0.1,6.8e-06,3.101,38.18,-0.276,1,0,0,0,0,1,1,18.7,0.65,0.4,0,0,0,0,0,0,0,50.8,-3,5.1,15,-999,999,41.8,-4,5.2,14,-99,99,0.1,100,0.1,100,0.1,100,180549000,2063.02,7.83422e-07,0,-24.1416,NA,NA,254.038,1786.66,NA,NA,NA,NA,NA,46.2143,0,0,0,0,0,2.07842e-17,5.40494e-18,4195920000,0.313051726439017,0,NA,NA,0.2,20.0998,131.754,0.199813,0.0998478,0.103704,6.8e-06,3.101,38.18,-0.276,1,0,0,0,0,1,18.7307,0.65,0.4,0,0,0,0,0,0.00110018,0,51.6173,-3,5.16517,15,-999,999,42.3962,-4,5.3344,14,-99,99,0.1,100,0.1,100,0.1,100,180549000,751.724,2.57612e-14,0,-27.8125,NA,NA,548.485,268.243,NA,NA,NA,NA,NA,-37.1922,0,0,0.000866674,0,0,-0.826115,20.88049,99.304655,99.90896,0.92624,20,20,"B0-D100-E1-F0-cod",41,"B0","D100","E1","F0","cod",1.43564e-05,"#V3.24O",0.466666666666667,FALSE,"B0-D100-E1-F0-cod-41"
"42",1418010000,164172000,4084180000,0.312153235165933,0,0.2,20,132,0.2,0.1,0.1,6.8e-06,3.101,38.18,-0.276,1,0,0,0,0,1,1,18.7,0.65,0.4,0,0,0,0,0,0,0,50.8,-3,5.1,15,-999,999,41.8,-4,5.2,14,-99,99,0.1,100,0.1,100,0.1,100,154225000,1995.78,9.83719e-07,0,-24.1416,NA,NA,247.375,1729.09,NA,NA,NA,NA,NA,43.2029,0,0,0,0,0,2.30924e-17,5.89242e-18,3744230000,0.345261909658328,0,NA,NA,0.2,19.8887,132.9,0.197345,0.101119,0.100655,6.8e-06,3.101,38.18,-0.276,1,0,0,0,0,1,18.6064,0.65,0.4,0,0,0,0,0,0.0110031,0,51.3921,-3,5.1713,15,-999,999,40.265,-4,4.81313,14,-99,99,0.1,100,0.1,100,0.1,100,154225000,805.394,2.3934e-14,0,-18.5276,NA,NA,589.656,279.192,NA,NA,NA,NA,NA,-44.9276,0,0,0.000951014,0,0,-0.826115,20.88049,99.304655,99.90896,0.92624,20,20,"B0-D100-E1-F0-cod",42,"B0","D100","E1","F0","cod",0.00982854,"#V3.24O",0.483333333333333,FALSE,"B0-D100-E1-F0-cod-42"
"43",1418010000,164172000,4084180000,0.385002619864942,0,0.2,20,132,0.2,0.1,0.1,6.8e-06,3.101,38.18,-0.276,1,0,0,0,0,1,1,18.7,0.65,0.4,0,0,0,0,0,0,0,50.8,-3,5.1,15,-999,999,41.8,-4,5.2,14,-99,99,0.1,100,0.1,100,0.1,100,196817000,2034.53,9.37032e-07,0,-24.1416,NA,NA,252.683,1757.57,NA,NA,NA,NA,NA,48.1655,0,0,0,0,0,2.03646e-17,5.2343e-18,4260050000,0.364183518972782,0,NA,NA,0.2,19.8637,132.474,0.199143,0.101438,0.0933587,6.8e-06,3.101,38.18,-0.276,1,0,0,0,0,1,18.7399,0.65,0.4,0,0,0,0,0,0.0221033,0,51.8293,-3,5.22343,15,-999,999,40.6077,-4,4.9984,14,-99,99,0.1,100,0.1,100,0.1,100,196817000,792.997,2.0976e-14,0,-28.2515,NA,NA,597.272,258.311,NA,NA,NA,NA,NA,-34.335,0,0,0.000912402,0,0,-0.826115,20.88049,99.304655,99.90896,0.92624,20,20,"B0-D100-E1-F0-cod",43,"B0","D100","E1","F0","cod",0.000989348,"#V3.24O",0.533333333333333,FALSE,"B0-D100-E1-F0-cod-43"
"44",1418010000,164172000,4084180000,0.339625089981343,0,0.2,20,132,0.2,0.1,0.1,6.8e-06,3.101,38.18,-0.276,1,0,0,0,0,1,1,18.7,0.65,0.4,0,0,0,0,0,0,0,50.8,-3,5.1,15,-999,999,41.8,-4,5.2,14,-99,99,0.1,100,0.1,100,0.1,100,168487000,2083.92,8.07398e-07,0,-24.1416,NA,NA,253.493,1782.33,NA,NA,NA,NA,NA,71.9863,0,0,0,0,0,2.08576e-17,5.25986e-18,4119690000,0.342406831581988,0,NA,NA,0.2,20.2699,132.583,0.197415,0.0991133,0.093931,6.8e-06,3.101,38.18,-0.276,1,0,0,0,0,1,18.7087,0.65,0.4,0,0,0,0,0,-0.0775732,0,50.3961,-3,5.0989,15,-999,999,43.6182,-4,5.55592,14,-99,99,0.1,100,0.1,100,0.1,100,168487000,795.561,1.12034e-14,0,-29.0302,NA,NA,571.787,268.275,NA,NA,NA,NA,NA,-15.4717,0,0,0.000847508,0,0,-0.826115,20.88049,99.304655,99.90896,0.92624,20,20,"B0-D100-E1-F0-cod",44,"B0","D100","E1","F0","cod",0.00542359,"#V3.24O",0.5,FALSE,"B0-D100-E1-F0-cod-44"
"45",1418010000,164172000,4084180000,0.336202126253005,0,0.2,20,132,0.2,0.1,0.1,6.8e-06,3.101,38.18,-0.276,1,0,0,0,0,1,1,18.7,0.65,0.4,0,0,0,0,0,0,0,50.8,-3,5.1,15,-999,999,41.8,-4,5.2,14,-99,99,0.1,100,0.1,100,0.1,100,164449000,2056.15,8.02974e-07,0,-24.1416,NA,NA,253.594,1774.91,NA,NA,NA,NA,NA,51.5416,0,0,0,0,0,2.05798e-17,5.301e-18,4218260000,0.300265986449389,0,NA,NA,0.2,19.9993,132.732,0.197881,0.101487,0.0992365,6.8e-06,3.101,38.18,-0.276,1,0,0,0,0,1,18.7264,0.65,0.4,0,0,0,0,0,-0.0187277,0,51.0957,-3,5.09642,15,-999,999,42.5977,-4,5.34216,14,-99,99,0.1,100,0.1,100,0.1,100,164449000,743.863,2.80749e-14,0,-33.2559,NA,NA,544.891,266.163,NA,NA,NA,NA,NA,-33.9361,0,0,0.000876156,0,0,-0.826115,20.88049,99.304655,99.90896,0.92624,20,20,"B0-D100-E1-F0-cod",45,"B0","D100","E1","F0","cod",0.00722592,"#V3.24O",0.5,FALSE,"B0-D100-E1-F0-cod-45"
"46",1418010000,164172000,4084180000,0.336540015376404,0,0.2,20,132,0.2,0.1,0.1,6.8e-06,3.101,38.18,-0.276,1,0,0,0,0,1,1,18.7,0.65,0.4,0,0,0,0,0,0,0,50.8,-3,5.1,15,-999,999,41.8,-4,5.2,14,-99,99,0.1,100,0.1,100,0.1,100,170403000,2033.34,1.19241e-06,0,-24.1416,NA,NA,256.583,1758.03,NA,NA,NA,NA,NA,42.6175,0,0,0,0,0,2.15379e-17,5.60023e-18,4045680000,0.346226097961282,0,NA,NA,0.2,19.8368,131.508,0.201325,0.101967,0.101867,6.8e-06,3.101,38.18,-0.276,1,0,0,0,0,1,18.6955,0.65,0.4,0,0,0,0,0,0.00225781,0,51.7389,-3,5.2027,15,-999,999,40.819,-4,5.03036,14,-99,99,0.1,100,0.1,100,0.1,100,170403000,848.382,1.39346e-14,0,-31.3656,NA,NA,609.014,312.288,NA,NA,NA,NA,NA,-41.5553,0,0,0.000909771,0,0,-0.826115,20.88049,99.304655,99.90896,0.92624,20,20,"B0-D100-E1-F0-cod",46,"B0","D100","E1","F0","cod",1.61564e-05,"#V3.24O",0.483333333333333,FALSE,"B0-D100-E1-F0-cod-46"
"47",1418010000,164172000,4084180000,0.357812339319031,0,0.2,20,132,0.2,0.1,0.1,6.8e-06,3.101,38.18,-0.276,1,0,0,0,0,1,1,18.7,0.65,0.4,0,0,0,0,0,0,0,50.8,-3,5.1,15,-999,999,41.8,-4,5.2,14,-99,99,0.1,100,0.1,100,0.1,100,173952000,1997.61,7.08289e-07,0,-24.1416,NA,NA,249.827,1724.91,NA,NA,NA,NA,NA,46.7672,0,0,0,0,0,1.89904e-17,4.78223e-18,4526790000,0.305507876442247,0,NA,NA,0.2,20.3318,133.689,0.194356,0.0989877,0.093443,6.8e-06,3.101,38.18,-0.276,1,0,0,0,0,1,18.7932,0.65,0.4,0,0,0,0,0,0.0015804,0,50.3078,-3,5.03771,15,-999,999,45.1942,-4,5.93478,14,-99,99,0.1,100,0.1,100,0.1,100,173952000,784.946,1.92044e-14,0,-25.0935,NA,NA,576.236,266.543,NA,NA,NA,NA,NA,-32.7401,0,0,0.000810587,0,0,-0.826115,20.88049,99.304655,99.90896,0.92624,20,20,"B0-D100-E1-F0-cod",47,"B0","D100","E1","F0","cod",7.91085e-06,"#V3.24O",0.483333333333333,FALSE,"B0-D100-E1-F0-cod-47"
"48",1418010000,164172000,4084180000,0.34735736426896,0,0.2,20,132,0.2,0.1,0.1,6.8e-06,3.101,38.18,-0.276,1,0,0,0,0,1,1,18.7,0.65,0.4,0,0,0,0,0,0,0,50.8,-3,5.1,15,-999,999,41.8,-4,5.2,14,-99,99,0.1,100,0.1,100,0.1,100,171456000,2084.92,6.87622e-07,0,-24.1416,NA,NA,253.921,1796.01,NA,NA,NA,NA,NA,58.8773,0,0,0,0,0,2.10367e-17,5.39445e-18,4112160000,0.363096280300377,0,NA,NA,0.2,19.7978,132.082,0.200988,0.101415,0.101115,6.8e-06,3.101,38.18,-0.276,1,0,0,0,0,1,18.7013,0.65,0.4,0,0,0,0,0,-0.0368696,0,50.7879,-3,5.11056,15,-999,999,40.6706,-4,4.9982,14,-99,99,0.1,100,0.1,100,0.1,100,171456000,803.346,1.06529e-14,0,-29.1145,NA,NA,583.794,282.138,NA,NA,NA,NA,NA,-33.4725,0,0,0.000930285,0,0,-0.826115,20.88049,99.304655,99.90896,0.92624,20,20,"B0-D100-E1-F0-cod",48,"B0","D100","E1","F0","cod",0.0754915,"#V3.24O",0.5,FALSE,"B0-D100-E1-F0-cod-48"
"49",1418010000,164172000,4084180000,0.338594283307788,0,0.2,20,132,0.2,0.1,0.1,6.8e-06,3.101,38.18,-0.276,1,0,0,0,0,1,1,18.7,0.65,0.4,0,0,0,0,0,0,0,50.8,-3,5.1,15,-999,999,41.8,-4,5.2,14,-99,99,0.1,100,0.1,100,0.1,100,167559000,2054.45,1.00112e-06,0,-24.1416,NA,NA,253.009,1782.91,NA,NA,NA,NA,NA,42.4153,0,0,0,0,0,2.23851e-17,5.82397e-18,3893470000,0.341970016463463,0,NA,NA,0.2,19.9671,131.048,0.202398,0.100176,0.102293,6.8e-06,3.101,38.18,-0.276,1,0,0,0,0,1,18.6613,0.65,0.4,0,0,0,0,0,0.00708839,0,51.7993,-3,5.22506,15,-999,999,41.7862,-4,5.25993,14,-99,99,0.1,100,0.1,100,0.1,100,167559000,766.787,1.71307e-14,0,-24.619,NA,NA,535.932,297.731,NA,NA,NA,NA,NA,-42.2576,0,0,0.000869697,0,0,-0.826115,20.88049,99.304655,99.90896,0.92624,20,20,"B0-D100-E1-F0-cod",49,"B0","D100","E1","F0","cod",0.0175259,"#V3.24O",0.483333333333333,FALSE,"B0-D100-E1-F0-cod-49"
"50",1418010000,164172000,4084180000,0.360924347114966,0,0.2,20,132,0.2,0.1,0.1,6.8e-06,3.101,38.18,-0.276,1,0,0,0,0,1,1,18.7,0.65,0.4,0,0,0,0,0,0,0,50.8,-3,5.1,15,-999,999,41.8,-4,5.2,14,-99,99,0.1,100,0.1,100,0.1,100,175540000,2060.75,9.91739e-07,0,-24.1416,NA,NA,260.278,1775.3,NA,NA,NA,NA,NA,49.0575,0,0,0,0,0,2.23768e-17,5.82918e-18,3893770000,0.382500764041019,0,NA,NA,0.2,19.975,131.261,0.202481,0.0996701,0.103137,6.8e-06,3.101,38.18,-0.276,1,0,0,0,0,1,18.6558,0.65,0.4,0,0,0,0,0,-0.0495057,0,50.9535,-3,5.09329,15,-999,999,41.3571,-4,5.18833,14,-99,99,0.1,100,0.1,100,0.1,100,175540000,818.898,2.04691e-14,0,-30.815,NA,NA,598.29,288.513,NA,NA,NA,NA,NA,-37.0907,0,0,0.000901715,0,0,-0.826115,20.88049,99.304655,99.90896,0.92624,20,20,"B0-D100-E1-F0-cod",50,"B0","D100","E1","F0","cod",0.000896656,"#V3.24O",0.516666666666667,FALSE,"B0-D100-E1-F0-cod-50"
"51",1418010000,164172000,4084180000,0.307315054674378,0,0.2,20,132,0.2,0.1,0.1,6.8e-06,3.101,38.18,-0.276,1,0,0,0,0,1,1,18.7,0.65,0.4,0,0,0,0,0,0,0,50.8,-3,5.1,15,-999,999,41.8,-4,5.2,14,-99,99,0.1,100,0.1,100,0.1,100,151270000,2080.5,9.46947e-07,0,-24.1416,NA,NA,256.225,1799.11,NA,NA,NA,NA,NA,49.0621,0,0,0,0,0,2.31623e-17,5.9509e-18,3742350000,0.312595027188799,0,NA,NA,0.2,20.3322,131.986,0.19812,0.0998896,0.10005,6.8e-06,3.101,38.18,-0.276,1,0,0,0,0,1,18.6189,0.65,0.4,0,0,0,0,0,0.0197134,0,50.8839,-3,5.10678,15,-999,999,43.3177,-4,5.52218,14,-99,99,0.1,100,0.1,100,0.1,100,151270000,758.325,2.88998e-14,0,-28.4262,NA,NA,561.772,262.685,NA,NA,NA,NA,NA,-37.7067,0,0,0.000849819,0,0,-0.826115,20.88049,99.304655,99.90896,0.92624,20,20,"B0-D100-E1-F0-cod",51,"B0","D100","E1","F0","cod",0.00165472,"#V3.24O",0.466666666666667,FALSE,"B0-D100-E1-F0-cod-51"
"52",1418010000,164172000,4084180000,0.337969922971074,0,0.2,20,132,0.2,0.1,0.1,6.8e-06,3.101,38.18,-0.276,1,0,0,0,0,1,1,18.7,0.65,0.4,0,0,0,0,0,0,0,50.8,-3,5.1,15,-999,999,41.8,-4,5.2,14,-99,99,0.1,100,0.1,100,0.1,100,165822000,2001.02,7.64273e-07,0,-24.1416,NA,NA,246.47,1742.42,NA,NA,NA,NA,NA,36.0139,0,0,0,0,0,1.92944e-17,4.91132e-18,4481080000,0.337222276772564,0,NA,NA,0.2,20.2473,133.885,0.194935,0.100449,0.0931275,6.8e-06,3.101,38.18,-0.276,1,0,0,0,0,1,18.7766,0.65,0.4,0,0,0,0,0,0.0119906,0,50.932,-3,5.07279,15,-999,999,43.9622,-4,5.5662,14,-99,99,0.1,100,0.1,100,0.1,100,165822000,770.241,2.84433e-14,0,-30.386,NA,NA,590.729,256.89,NA,NA,NA,NA,NA,-46.9934,0,0,0.000848739,0,0,-0.826115,20.88049,99.304655,99.90896,0.92624,20,20,"B0-D100-E1-F0-cod",52,"B0","D100","E1","F0","cod",0.00176469,"#V3.24O",0.5,FALSE,"B0-D100-E1-F0-cod-52"
"53",1418010000,164172000,4084180000,0.289152290055776,0,0.2,20,132,0.2,0.1,0.1,6.8e-06,3.101,38.18,-0.276,1,0,0,0,0,1,1,18.7,0.65,0.4,0,0,0,0,0,0,0,50.8,-3,5.1,15,-999,999,41.8,-4,5.2,14,-99,99,0.1,100,0.1,100,0.1,100,141547000,2021.75,9.60952e-07,0,-24.1416,NA,NA,247.987,1752.41,NA,NA,NA,NA,NA,45.2514,0,0,0,0,0,2.23187e-17,5.71254e-18,3866120000,0.300117430395332,0,NA,NA,0.2,19.8137,131.769,0.201383,0.103123,0.0982711,6.8e-06,3.101,38.18,-0.276,1,0,0,0,0,1,18.6458,0.65,0.4,0,0,0,0,0,0.0138466,0,49.6992,-3,4.98431,15,-999,999,40.6491,-4,4.92312,14,-99,99,0.1,100,0.1,100,0.1,100,141547000,752.377,1.98196e-14,0,-28.7797,NA,NA,567.092,254.022,NA,NA,NA,NA,NA,-39.9579,0,0,0.000963688,0,0,-0.826115,20.88049,99.304655,99.90896,0.92624,20,20,"B0-D100-E1-F0-cod",53,"B0","D100","E1","F0","cod",6.02625e-05,"#V3.24O",0.5,FALSE,"B0-D100-E1-F0-cod-53"
"54",1418010000,164172000,4084180000,0.340065814924905,0,0.2,20,132,0.2,0.1,0.1,6.8e-06,3.101,38.18,-0.276,1,0,0,0,0,1,1,18.7,0.65,0.4,0,0,0,0,0,0,0,50.8,-3,5.1,15,-999,999,41.8,-4,5.2,14,-99,99,0.1,100,0.1,100,0.1,100,167696000,2096.11,1.0219e-06,0,-24.1416,NA,NA,255.439,1806.76,NA,NA,NA,NA,NA,57.799,0,0,0,0,0,2.16592e-17,5.58023e-18,4000600000,0.401949707543868,0,NA,NA,0.2,19.9396,131.607,0.200629,0.100303,0.104184,6.8e-06,3.101,38.18,-0.276,1,0,0,0,0,1,18.6836,0.65,0.4,0,0,0,0,0,-0.0578286,0,50.5137,-3,5.06367,15,-999,999,40.8865,-4,5.01166,14,-99,99,0.1,100,0.1,100,0.1,100,167696000,838.2,1.60927e-14,0,-31.289,NA,NA,624.663,268.394,NA,NA,NA,NA,NA,-23.5694,0,0,0.000934935,0,0,-0.826115,20.88049,99.304655,99.90896,0.92624,20,20,"B0-D100-E1-F0-cod",54,"B0","D100","E1","F0","cod",8.96031e-05,"#V3.24O",0.483333333333333,FALSE,"B0-D100-E1-F0-cod-54"
"55",1418010000,164172000,4084180000,0.31698896718558,0,0.2,20,132,0.2,0.1,0.1,6.8e-06,3.101,38.18,-0.276,1,0,0,0,0,1,1,18.7,0.65,0.4,0,0,0,0,0,0,0,50.8,-3,5.1,15,-999,999,41.8,-4,5.2,14,-99,99,0.1,100,0.1,100,0.1,100,153192000,2029.96,7.56418e-07,0,-24.1416,NA,NA,250.594,1747.71,NA,NA,NA,NA,NA,55.5484,0,0,0,0,0,2.03228e-17,5.18452e-18,4255500000,0.318895546939255,0,NA,NA,0.2,20.1097,133.069,0.197335,0.0988422,0.0974918,6.8e-06,3.101,38.18,-0.276,1,0,0,0,0,1,18.7305,0.65,0.4,0,0,0,0,0,-0.0291089,0,51.1408,-3,5.12685,15,-999,999,42.8945,-4,5.39407,14,-99,99,0.1,100,0.1,100,0.1,100,153192000,713.759,1.62815e-14,0,-29.0076,NA,NA,524.623,250.961,NA,NA,NA,NA,NA,-32.8177,0,0,0.000864023,0,0,-0.826115,20.88049,99.304655,99.90896,0.92624,20,20,"B0-D100-E1-F0-cod",55,"B0","D100","E1","F0","cod",0.000705292,"#V3.24O",0.483333333333333,FALSE,"B0-D100-E1-F0-cod-55"
"56",1418010000,164172000,4084180000,0.32226297567688,0,0.2,20,132,0.2,0.1,0.1,6.8e-06,3.101,38.18,-0.276,1,0,0,0,0,1,1,18.7,0.65,0.4,0,0,0,0,0,0,0,50.8,-3,5.1,15,-999,999,41.8,-4,5.2,14,-99,99,0.1,100,0.1,100,0.1,100,158939000,2052.15,7.31453e-07,0,-24.1416,NA,NA,252.988,1780.34,NA,NA,NA,NA,NA,42.7106,0,0,0,0,0,2.04627e-17,5.35758e-18,4273240000,0.315732324886971,0,NA,NA,0.2,19.8932,131.466,0.200707,0.100531,0.101279,6.8e-06,3.101,38.18,-0.276,1,0,0,0,0,1,18.7541,0.65,0.4,0,0,0,0,0,0.0805195,0,51.8235,-3,5.17874,15,-999,999,41.049,-4,5.06904,14,-99,99,0.1,100,0.1,100,0.1,100,158939000,819.926,1.8146e-14,0,-30.1314,NA,NA,610.798,275.698,NA,NA,NA,NA,NA,-36.4387,0,0,0.000906414,0,0,-0.826115,20.88049,99.304655,99.90896,0.92624,20,20,"B0-D100-E1-F0-cod",56,"B0","D100","E1","F0","cod",0.000114059,"#V3.24O",0.516666666666667,FALSE,"B0-D100-E1-F0-cod-56"
"57",1418010000,164172000,4084180000,0.316004681478289,0,0.2,20,132,0.2,0.1,0.1,6.8e-06,3.101,38.18,-0.276,1,0,0,0,0,1,1,18.7,0.65,0.4,0,0,0,0,0,0,0,50.8,-3,5.1,15,-999,999,41.8,-4,5.2,14,-99,99,0.1,100,0.1,100,0.1,100,156839000,2056.29,8.34447e-07,0,-24.1416,NA,NA,253.973,1772.61,NA,NA,NA,NA,NA,53.5988,0,0,0,0,0,2.12462e-17,5.50781e-18,4096410000,0.308760597694078,0,NA,NA,0.2,19.9826,131.586,0.200198,0.0987277,0.104477,6.8e-06,3.101,38.18,-0.276,1,0,0,0,0,1,18.7095,0.65,0.4,0,0,0,0,0,0.0462544,0,51.5551,-3,5.1752,15,-999,999,40.9047,-4,4.99367,14,-99,99,0.1,100,0.1,100,0.1,100,156839000,796.277,2.37045e-14,0,-32.6808,NA,NA,571.888,286.535,NA,NA,NA,NA,NA,-29.4662,0,0,0.000919225,0,0,-0.826115,20.88049,99.304655,99.90896,0.92624,20,20,"B0-D100-E1-F0-cod",57,"B0","D100","E1","F0","cod",0.00132119,"#V3.24O",0.516666666666667,FALSE,"B0-D100-E1-F0-cod-57"
"58",1418010000,164172000,4084180000,0.296825801017585,0,0.2,20,132,0.2,0.1,0.1,6.8e-06,3.101,38.18,-0.276,1,0,0,0,0,1,1,18.7,0.65,0.4,0,0,0,0,0,0,0,50.8,-3,5.1,15,-999,999,41.8,-4,5.2,14,-99,99,0.1,100,0.1,100,0.1,100,147926000,2014.35,7.64823e-07,0,-24.1416,NA,NA,248.441,1744.52,NA,NA,NA,NA,NA,45.2765,0,0,0,0,0,2.39196e-17,6.27656e-18,3668520000,0.299385038108011,0,NA,NA,0.2,20.009,131.781,0.201143,0.10083,0.101513,6.8e-06,3.101,38.18,-0.276,1,0,0,0,0,1,18.5912,0.65,0.4,0,0,0,0,0,0.0299903,0,52.9059,-3,5.30385,15,-999,999,42.3656,-4,5.29825,14,-99,99,0.1,100,0.1,100,0.1,100,147926000,806.044,4.50983e-14,0,-27.2082,NA,NA,574.312,299.384,NA,NA,NA,NA,NA,-40.4454,0,0,0.000850941,0,0,-0.826115,20.88049,99.304655,99.90896,0.92624,20,20,"B0-D100-E1-F0-cod",58,"B0","D100","E1","F0","cod",0.000402318,"#V3.24O",0.516666666666667,FALSE,"B0-D100-E1-F0-cod-58"
"59",1418010000,164172000,4084180000,0.366800679695802,0,0.2,20,132,0.2,0.1,0.1,6.8e-06,3.101,38.18,-0.276,1,0,0,0,0,1,1,18.7,0.65,0.4,0,0,0,0,0,0,0,50.8,-3,5.1,15,-999,999,41.8,-4,5.2,14,-99,99,0.1,100,0.1,100,0.1,100,186558000,2070.17,8.52907e-07,0,-24.1416,NA,NA,257.281,1791.52,NA,NA,NA,NA,NA,45.2633,0,0,0,0,0,2.06896e-17,5.37563e-18,4201780000,0.33856841624264,0,NA,NA,0.2,19.8861,130.98,0.202265,0.101276,0.100807,6.8e-06,3.101,38.18,-0.276,1,0,0,0,0,1,18.741,0.65,0.4,0,0,0,0,0,-0.0517453,0,50.691,-3,5.08436,15,-999,999,40.8936,-4,5.01884,14,-99,99,0.1,100,0.1,100,0.1,100,186558000,776.14,1.90317e-14,0,-28.9402,NA,NA,588.051,259.945,NA,NA,NA,NA,NA,-42.9159,0,0,0.000930337,0,0,-0.826115,20.88049,99.304655,99.90896,0.92624,20,20,"B0-D100-E1-F0-cod",59,"B0","D100","E1","F0","cod",0.000505868,"#V3.24O",0.516666666666667,FALSE,"B0-D100-E1-F0-cod-59"
"60",1418010000,164172000,4084180000,0.290876014279488,0,0.2,20,132,0.2,0.1,0.1,6.8e-06,3.101,38.18,-0.276,1,0,0,0,0,1,1,18.7,0.65,0.4,0,0,0,0,0,0,0,50.8,-3,5.1,15,-999,999,41.8,-4,5.2,14,-99,99,0.1,100,0.1,100,0.1,100,144805000,2008.7,7.85485e-07,0,-24.1416,NA,NA,244.392,1743.87,NA,NA,NA,NA,NA,44.3256,0,0,0,0,0,2.11158e-17,5.42711e-18,4103420000,0.265700318271101,0,NA,NA,0.2,19.9492,131.682,0.200539,0.0984796,0.103386,6.8e-06,3.101,38.18,-0.276,1,0,0,0,0,1,18.7083,0.65,0.4,0,0,0,0,0,-0.0502149,0,51.2443,-3,5.16897,15,-999,999,41.0152,-4,5.01015,14,-99,99,0.1,100,0.1,100,0.1,100,144805000,761.76,1.88741e-14,0,-27.1889,NA,NA,544.384,285.376,NA,NA,NA,NA,NA,-40.8122,0,0,0.000917719,0,0,-0.826115,20.88049,99.304655,99.90896,0.92624,20,20,"B0-D100-E1-F0-cod",60,"B0","D100","E1","F0","cod",0.00175168,"#V3.24O",0.483333333333333,FALSE,"B0-D100-E1-F0-cod-60"
"61",1418010000,164172000,4084180000,0.317608430578476,0,0.2,20,132,0.2,0.1,0.1,6.8e-06,3.101,38.18,-0.276,1,0,0,0,0,1,1,18.7,0.65,0.4,0,0,0,0,0,0,0,50.8,-3,5.1,15,-999,999,41.8,-4,5.2,14,-99,99,0.1,100,0.1,100,0.1,100,157650000,2033.07,7.64733e-07,0,-24.1416,NA,NA,249.837,1749.21,NA,NA,NA,NA,NA,57.9227,0,0,0,0,0,2.129e-17,5.52431e-18,4086650000,0.338790941235486,0,NA,NA,0.2,19.9636,131.169,0.20174,0.100064,0.099556,6.8e-06,3.101,38.18,-0.276,1,0,0,0,0,1,18.7115,0.65,0.4,0,0,0,0,0,-0.0161825,0,51.4566,-3,5.18468,15,-999,999,42.2807,-4,5.27664,14,-99,99,0.1,100,0.1,100,0.1,100,157650000,758.053,1.52114e-14,0,-26.5223,NA,NA,567.721,249,NA,NA,NA,NA,NA,-32.1471,0,0,0.000872437,0,0,-0.826115,20.88049,99.304655,99.90896,0.92624,20,20,"B0-D100-E1-F0-cod",61,"B0","D100","E1","F0","cod",0.000866035,"#V3.24O",0.533333333333333,FALSE,"B0-D100-E1-F0-cod-61"
"62",1418010000,164172000,4084180000,0.283236781924401,0,0.2,20,132,0.2,0.1,0.1,6.8e-06,3.101,38.18,-0.276,1,0,0,0,0,1,1,18.7,0.65,0.4,0,0,0,0,0,0,0,50.8,-3,5.1,15,-999,999,41.8,-4,5.2,14,-99,99,0.1,100,0.1,100,0.1,100,146549000,1991.7,9.64855e-07,0,-24.1416,NA,NA,245.173,1719.54,NA,NA,NA,NA,NA,50.8795,0,0,0,0,0,2.01348e-17,5.19121e-18,4316320000,0.293215053564147,0,NA,NA,0.2,20.0741,132.611,0.198876,0.101451,0.0967274,6.8e-06,3.101,38.18,-0.276,1,0,0,0,0,1,18.7477,0.65,0.4,0,0,0,0,0,-0.0229508,0,51.5531,-3,5.1655,15,-999,999,43.4313,-4,5.48102,14,-99,99,0.1,100,0.1,100,0.1,100,146549000,770.905,2.05712e-14,0,-28.4557,NA,NA,558.606,276.651,NA,NA,NA,NA,NA,-35.8979,0,0,0.000845447,0,0,-0.826115,20.88049,99.304655,99.90896,0.92624,20,20,"B0-D100-E1-F0-cod",62,"B0","D100","E1","F0","cod",0.000941818,"#V3.24O",0.516666666666667,FALSE,"B0-D100-E1-F0-cod-62"
"63",1418010000,164172000,4084180000,0.271476771347002,0,0.2,20,132,0.2,0.1,0.1,6.8e-06,3.101,38.18,-0.276,1,0,0,0,0,1,1,18.7,0.65,0.4,0,0,0,0,0,0,0,50.8,-3,5.1,15,-999,999,41.8,-4,5.2,14,-99,99,0.1,100,0.1,100,0.1,100,139858000,2059.79,9.2624e-07,0,-24.1416,NA,NA,252.776,1759.29,NA,NA,NA,NA,NA,71.6176,0,0,0,0,0,2.2306e-17,5.73568e-18,3883690000,0.308093591404051,0,NA,NA,0.2,19.9411,132.014,0.200105,0.0988863,0.101692,6.8e-06,3.101,38.18,-0.276,1,0,0,0,0,1,18.6487,0.65,0.4,0,0,0,0,0,-0.0527556,0,50.7155,-3,5.08015,15,-999,999,41.6047,-4,5.16967,14,-99,99,0.1,100,0.1,100,0.1,100,139858000,787.844,1.43815e-14,0,-25.542,NA,NA,560.929,279.805,NA,NA,NA,NA,NA,-27.3487,0,0,0.000906115,0,0,-0.826115,20.88049,99.304655,99.90896,0.92624,20,20,"B0-D100-E1-F0-cod",63,"B0","D100","E1","F0","cod",0.000206056,"#V3.24O",0.5,FALSE,"B0-D100-E1-F0-cod-63"
"64",1418010000,164172000,4084180000,0.337796081465557,0,0.2,20,132,0.2,0.1,0.1,6.8e-06,3.101,38.18,-0.276,1,0,0,0,0,1,1,18.7,0.65,0.4,0,0,0,0,0,0,0,50.8,-3,5.1,15,-999,999,41.8,-4,5.2,14,-99,99,0.1,100,0.1,100,0.1,100,169610000,2139.27,1.02227e-06,0,-24.1416,NA,NA,263.506,1837.06,NA,NA,NA,NA,NA,62.6015,0,0,0,0,0,2.36054e-17,6.06527e-18,3663310000,0.4098834114503,0,NA,NA,0.2,19.8994,131.562,0.201166,0.101424,0.098344,6.8e-06,3.101,38.18,-0.276,1,0,0,0,0,1,18.597,0.65,0.4,0,0,0,0,0,-0.0391555,0,50.098,-3,5.02661,15,-999,999,41.1399,-4,5.09529,14,-99,99,0.1,100,0.1,100,0.1,100,169610000,824.572,1.7788e-14,0,-22.3456,NA,NA,589.934,284.853,NA,NA,NA,NA,NA,-27.8695,0,0,0.000928072,0,0,-0.826115,20.88049,99.304655,99.90896,0.92624,20,20,"B0-D100-E1-F0-cod",64,"B0","D100","E1","F0","cod",0.00580621,"#V3.24O",0.483333333333333,FALSE,"B0-D100-E1-F0-cod-64"
"65",1418010000,164172000,4084180000,0.290949468436749,0,0.2,20,132,0.2,0.1,0.1,6.8e-06,3.101,38.18,-0.276,1,0,0,0,0,1,1,18.7,0.65,0.4,0,0,0,0,0,0,0,50.8,-3,5.1,15,-999,999,41.8,-4,5.2,14,-99,99,0.1,100,0.1,100,0.1,100,140252000,2065.06,9.81157e-07,0,-24.1416,NA,NA,257.124,1775.3,NA,NA,NA,NA,NA,56.5266,0,0,0,0,0,2.25014e-17,5.74841e-18,3837500000,0.293000651465798,0,NA,NA,0.2,19.9259,132.408,0.199888,0.0992159,0.100044,6.8e-06,3.101,38.18,-0.276,1,0,0,0,0,1,18.6299,0.65,0.4,0,0,0,0,0,0.0224339,0,50.2017,-3,5.02281,15,-999,999,41.9278,-4,5.18477,14,-99,99,0.1,100,0.1,100,0.1,100,140252000,819.927,2.47758e-14,0,-28.2436,NA,NA,614.335,268.305,NA,NA,NA,NA,NA,-34.4698,0,0,0.000912874,0,0,-0.826115,20.88049,99.304655,99.90896,0.92624,20,20,"B0-D100-E1-F0-cod",65,"B0","D100","E1","F0","cod",0.000215038,"#V3.24O",0.5,FALSE,"B0-D100-E1-F0-cod-65"
"66",1418010000,164172000,4084180000,0.315005704939547,0,0.2,20,132,0.2,0.1,0.1,6.8e-06,3.101,38.18,-0.276,1,0,0,0,0,1,1,18.7,0.65,0.4,0,0,0,0,0,0,0,50.8,-3,5.1,15,-999,999,41.8,-4,5.2,14,-99,99,0.1,100,0.1,100,0.1,100,157471000,1988.87,8.21331e-07,0,-24.1416,NA,NA,247.572,1729.68,NA,NA,NA,NA,NA,35.505,0,0,0,0,0,2.07123e-17,5.25092e-18,4148100000,0.296174152021407,0,NA,NA,0.2,20.1475,131.468,0.199542,0.0981409,0.100862,6.8e-06,3.101,38.18,-0.276,1,0,0,0,0,1,18.7282,0.65,0.4,0,0,0,0,0,0.00469705,0,49.3348,-3,4.96987,15,-999,999,41.6711,-4,5.13711,14,-99,99,0.1,100,0.1,100,0.1,100,157471000,751.22,1.57226e-14,0,-26.442,NA,NA,582.266,244.392,NA,NA,NA,NA,NA,-48.9977,0,0,0.000931192,0,0,-0.826115,20.88049,99.304655,99.90896,0.92624,20,20,"B0-D100-E1-F0-cod",66,"B0","D100","E1","F0","cod",3.23495e-05,"#V3.24O",0.483333333333333,FALSE,"B0-D100-E1-F0-cod-66"
"67",1418010000,164172000,4084180000,0.302878423575846,0,0.2,20,132,0.2,0.1,0.1,6.8e-06,3.101,38.18,-0.276,1,0,0,0,0,1,1,18.7,0.65,0.4,0,0,0,0,0,0,0,50.8,-3,5.1,15,-999,999,41.8,-4,5.2,14,-99,99,0.1,100,0.1,100,0.1,100,147025000,2055.91,7.90938e-07,0,-24.1416,NA,NA,256.629,1777.33,NA,NA,NA,NA,NA,45.8415,0,0,0,0,0,2.12204e-17,5.43365e-18,4080480000,0.314176273379602,0,NA,NA,0.2,20.1326,132.504,0.198332,0.0983824,0.0997122,6.8e-06,3.101,38.18,-0.276,1,0,0,0,0,1,18.695,0.65,0.4,0,0,0,0,0,-0.0125337,0,51.1427,-3,5.13389,15,-999,999,42.5652,-4,5.3406,14,-99,99,0.1,100,0.1,100,0.1,100,147025000,814.15,1.57206e-14,0,-26.4054,NA,NA,595.774,282.236,NA,NA,NA,NA,NA,-37.4556,0,0,0.000870849,0,0,-0.826115,20.88049,99.304655,99.90896,0.92624,20,20,"B0-D100-E1-F0-cod",67,"B0","D100","E1","F0","cod",0.000226041,"#V3.24O",0.516666666666667,FALSE,"B0-D100-E1-F0-cod-67"
"68",1418010000,164172000,4084180000,0.387130341953587,0,0.2,20,132,0.2,0.1,0.1,6.8e-06,3.101,38.18,-0.276,1,0,0,0,0,1,1,18.7,0.65,0.4,0,0,0,0,0,0,0,50.8,-3,5.1,15,-999,999,41.8,-4,5.2,14,-99,99,0.1,100,0.1,100,0.1,100,185808000,2080.2,9.33321e-07,0,-24.1416,NA,NA,254.554,1793.93,NA,NA,NA,NA,NA,55.6055,0,0,0,0,0,2.07759e-17,5.30299e-18,4164760000,0.376105705971052,0,NA,NA,0.2,20.5673,132.275,0.195834,0.100315,0.0999613,6.8e-06,3.101,38.18,-0.276,1,0,0,0,0,1,18.7284,0.65,0.4,0,0,0,0,0,0.0196715,0,51.2513,-3,5.17028,15,-999,999,50.1442,-4,6.94133,14,-99,99,0.1,100,0.1,100,0.1,100,185808000,791.895,1.51269e-14,0,-31.5627,NA,NA,586.335,273.47,NA,NA,NA,NA,NA,-36.3479,0,0,0.000707875,0,0,-0.826115,20.88049,99.304655,99.90896,0.92624,20,20,"B0-D100-E1-F0-cod",68,"B0","D100","E1","F0","cod",0.000407085,"#V3.24O",0.483333333333333,FALSE,"B0-D100-E1-F0-cod-68"
"69",1418010000,164172000,4084180000,0.359288767879966,0,0.2,20,132,0.2,0.1,0.1,6.8e-06,3.101,38.18,-0.276,1,0,0,0,0,1,1,18.7,0.65,0.4,0,0,0,0,0,0,0,50.8,-3,5.1,15,-999,999,41.8,-4,5.2,14,-99,99,0.1,100,0.1,100,0.1,100,174917000,2134.79,9.01868e-07,0,-24.1416,NA,NA,261.947,1838.65,NA,NA,NA,NA,NA,58.0837,0,0,0,0,0,2.15914e-17,5.49852e-18,4001340000,0.302628619412497,0,NA,NA,0.2,19.9809,133.113,0.19753,0.101254,0.0959502,6.8e-06,3.101,38.18,-0.276,1,0,0,0,0,1,18.6686,0.65,0.4,0,0,0,0,0,0.0503583,0,51.2137,-3,5.15054,15,-999,999,41.8804,-4,5.18373,14,-99,99,0.1,100,0.1,100,0.1,100,174917000,746.326,5.56841e-14,0,-31.5155,NA,NA,549.418,259.52,NA,NA,NA,NA,NA,-31.0971,0,0,0.000891995,0,0,-0.826115,20.88049,99.304655,99.90896,0.92624,20,20,"B0-D100-E1-F0-cod",69,"B0","D100","E1","F0","cod",0.000372153,"#V3.24O",0.516666666666667,FALSE,"B0-D100-E1-F0-cod-69"
"70",1418010000,164172000,4084180000,0.331464333109706,0,0.2,20,132,0.2,0.1,0.1,6.8e-06,3.101,38.18,-0.276,1,0,0,0,0,1,1,18.7,0.65,0.4,0,0,0,0,0,0,0,50.8,-3,5.1,15,-999,999,41.8,-4,5.2,14,-99,99,0.1,100,0.1,100,0.1,100,164070000,2046.81,7.98229e-07,0,-24.1416,NA,NA,256.276,1765.01,NA,NA,NA,NA,NA,49.4139,0,0,0,0,0,2.15565e-17,5.50269e-18,4006310000,0.316800247609396,0,NA,NA,0.2,20.1617,132.644,0.197826,0.101463,0.0929069,6.8e-06,3.101,38.18,-0.276,1,0,0,0,0,1,18.6785,0.65,0.4,0,0,0,0,0,-0.0431505,0,50.1973,-3,5.01802,15,-999,999,42.6165,-4,5.39298,14,-99,99,0.1,100,0.1,100,0.1,100,164070000,788.069,1.49303e-14,0,-29.7693,NA,NA,562.026,288.165,NA,NA,NA,NA,NA,-32.354,0,0,0.000882872,0,0,-0.826115,20.88049,99.304655,99.90896,0.92624,20,20,"B0-D100-E1-F0-cod",70,"B0","D100","E1","F0","cod",0.0329092,"#V3.24O",0.483333333333333,FALSE,"B0-D100-E1-F0-cod-70"
"71",1418010000,164172000,4084180000,0.301117972273504,0,0.2,20,132,0.2,0.1,0.1,6.8e-06,3.101,38.18,-0.276,1,0,0,0,0,1,1,18.7,0.65,0.4,0,0,0,0,0,0,0,50.8,-3,5.1,15,-999,999,41.8,-4,5.2,14,-99,99,0.1,100,0.1,100,0.1,100,148073000,2001.54,9.56314e-07,0,-24.1416,NA,NA,250.467,1737.05,NA,NA,NA,NA,NA,37.9135,0,0,0,0,0,2.07917e-17,5.31844e-18,4156440000,0.329130217205108,0,NA,NA,0.2,19.8167,132.069,0.20116,0.0986693,0.100043,6.8e-06,3.101,38.18,-0.276,1,0,0,0,0,1,18.7123,0.65,0.4,0,0,0,0,0,-0.00215322,0,50.8579,-3,5.12626,15,-999,999,40.6739,-4,4.94457,14,-99,99,0.1,100,0.1,100,0.1,100,148073000,779.427,2.29672e-14,0,-31.2517,NA,NA,577.019,280.688,NA,NA,NA,NA,NA,-47.029,0,0,0.000936061,0,0,-0.826115,20.88049,99.304655,99.90896,0.92624,20,20,"B0-D100-E1-F0-cod",71,"B0","D100","E1","F0","cod",0.00182278,"#V3.24O",0.516666666666667,FALSE,"B0-D100-E1-F0-cod-71"
"72",1418010000,164172000,4084180000,0.266190520496158,0,0.2,20,132,0.2,0.1,0.1,6.8e-06,3.101,38.18,-0.276,1,0,0,0,0,1,1,18.7,0.65,0.4,0,0,0,0,0,0,0,50.8,-3,5.1,15,-999,999,41.8,-4,5.2,14,-99,99,0.1,100,0.1,100,0.1,100,131325000,2021.29,8.83077e-07,0,-24.1416,NA,NA,254.824,1739.97,NA,NA,NA,NA,NA,50.3837,0,0,0,0,0,2.32655e-17,5.98666e-18,3740730000,0.287828846241242,0,NA,NA,0.2,20.2798,133.396,0.195044,0.0997242,0.0966813,6.8e-06,3.101,38.18,-0.276,1,0,0,0,0,1,18.6044,0.65,0.4,0,0,0,0,0,0.0131308,0,52.2141,-3,5.21778,15,-999,999,42.8576,-4,5.42578,14,-99,99,0.1,100,0.1,100,0.1,100,131325000,831.724,2.86254e-14,0,-31.2254,NA,NA,608.545,290.927,NA,NA,NA,NA,NA,-36.524,0,0,0.000845109,0,0,-0.826115,20.88049,99.304655,99.90896,0.92624,20,20,"B0-D100-E1-F0-cod",72,"B0","D100","E1","F0","cod",0.00129113,"#V3.24O",0.5,FALSE,"B0-D100-E1-F0-cod-72"
"73",1418010000,164172000,4084180000,0.260181970432253,0,0.2,20,132,0.2,0.1,0.1,6.8e-06,3.101,38.18,-0.276,1,0,0,0,0,1,1,18.7,0.65,0.4,0,0,0,0,0,0,0,50.8,-3,5.1,15,-999,999,41.8,-4,5.2,14,-99,99,0.1,100,0.1,100,0.1,100,128253000,2008.63,1.19095e-06,0,-24.1416,NA,NA,243.97,1742.13,NA,NA,NA,NA,NA,46.4196,0,0,0,0,0,2.2526e-17,5.75043e-18,3831720000,0.307467664651906,0,NA,NA,0.2,19.9149,132.773,0.199348,0.101495,0.0988196,6.8e-06,3.101,38.18,-0.276,1,0,0,0,0,1,18.6232,0.65,0.4,0,0,0,0,0,0.0343343,0,49.8489,-3,4.96395,15,-999,999,42.5338,-4,5.30489,14,-99,99,0.1,100,0.1,100,0.1,100,128253000,741.783,2.55205e-14,0,-26.3435,NA,NA,554.179,260.984,NA,NA,NA,NA,NA,-47.0371,0,0,0.000904406,0,0,-0.826115,20.88049,99.304655,99.90896,0.92624,20,20,"B0-D100-E1-F0-cod",73,"B0","D100","E1","F0","cod",0.00929295,"#V3.24O",0.516666666666667,FALSE,"B0-D100-E1-F0-cod-73"
"74",1418010000,164172000,4084180000,0.271327414560573,0,0.2,20,132,0.2,0.1,0.1,6.8e-06,3.101,38.18,-0.276,1,0,0,0,0,1,1,18.7,0.65,0.4,0,0,0,0,0,0,0,50.8,-3,5.1,15,-999,999,41.8,-4,5.2,14,-99,99,0.1,100,0.1,100,0.1,100,138325000,2042.78,8.44514e-07,0,-24.1416,NA,NA,252.774,1760.84,NA,NA,NA,NA,NA,53.06,0,0,0,0,0,2.0614e-17,5.2617e-18,4186610000,0.264760749150267,0,NA,NA,0.2,19.8994,132.692,0.198929,0.101207,0.0989788,6.8e-06,3.101,38.18,-0.276,1,0,0,0,0,1,18.7157,0.65,0.4,0,0,0,0,0,0.0164679,0,49.9524,-3,4.98042,15,-999,999,41.6847,-4,5.18563,14,-99,99,0.1,100,0.1,100,0.1,100,138325000,782.388,3.37812e-14,0,-32.1553,NA,NA,574.437,271.669,NA,NA,NA,NA,NA,-31.564,0,0,0.000920502,0,0,-0.826115,20.88049,99.304655,99.90896,0.92624,20,20,"B0-D100-E1-F0-cod",74,"B0","D100","E1","F0","cod",0.00207168,"#V3.24O",0.5,FALSE,"B0-D100-E1-F0-cod-74"
"75",1418010000,164172000,4084180000,0.350202488626848,0,0.2,20,132,0.2,0.1,0.1,6.8e-06,3.101,38.18,-0.276,1,0,0,0,0,1,1,18.7,0.65,0.4,0,0,0,0,0,0,0,50.8,-3,5.1,15,-999,999,41.8,-4,5.2,14,-99,99,0.1,100,0.1,100,0.1,100,181405000,2042.1,8.82933e-07,0,-24.1416,NA,NA,253.951,1755.73,NA,NA,NA,NA,NA,56.3053,0,0,0,0,0,2.05291e-17,5.29795e-18,4235150000,0.378140089489156,0,NA,NA,0.2,20.0958,132.394,0.198725,0.0993738,0.0989765,6.8e-06,3.101,38.18,-0.276,1,0,0,0,0,1,18.7333,0.65,0.4,0,0,0,0,0,0.011954,0,51.6105,-3,5.17078,15,-999,999,41.8658,-4,5.22202,14,-99,99,0.1,100,0.1,100,0.1,100,181405000,762.885,1.65801e-14,0,-28.6963,NA,NA,532.923,285.07,NA,NA,NA,NA,NA,-26.4134,0,0,0.00088293,0,0,-0.826115,20.88049,99.304655,99.90896,0.92624,20,20,"B0-D100-E1-F0-cod",75,"B0","D100","E1","F0","cod",2.03917e-05,"#V3.24O",0.483333333333333,FALSE,"B0-D100-E1-F0-cod-75"
"76",1418010000,164172000,4084180000,0.310368299144504,0,0.2,20,132,0.2,0.1,0.1,6.8e-06,3.101,38.18,-0.276,1,0,0,0,0,1,1,18.7,0.65,0.4,0,0,0,0,0,0,0,50.8,-3,5.1,15,-999,999,41.8,-4,5.2,14,-99,99,0.1,100,0.1,100,0.1,100,153669000,2064.78,8.02829e-07,0,-24.1416,NA,NA,253.896,1778.88,NA,NA,NA,NA,NA,55.8929,0,0,0,0,0,2.14917e-17,5.47733e-18,4028600000,0.336789455393933,0,NA,NA,0.2,20.3904,133.754,0.193715,0.0999314,0.0953567,6.8e-06,3.101,38.18,-0.276,1,0,0,0,0,1,18.6768,0.65,0.4,0,0,0,0,0,-0.0211554,0,51.4024,-3,5.1333,15,-999,999,44.5387,-4,5.77415,14,-99,99,0.1,100,0.1,100,0.1,100,153669000,771.369,2.74809e-14,0,-28.8454,NA,NA,584.786,252.482,NA,NA,NA,NA,NA,-37.0541,0,0,0.000812782,0,0,-0.826115,20.88049,99.304655,99.90896,0.92624,20,20,"B0-D100-E1-F0-cod",76,"B0","D100","E1","F0","cod",0.0049337,"#V3.24O",0.483333333333333,FALSE,"B0-D100-E1-F0-cod-76"
"77",1418010000,164172000,4084180000,0.369851475694019,0,0.2,20,132,0.2,0.1,0.1,6.8e-06,3.101,38.18,-0.276,1,0,0,0,0,1,1,18.7,0.65,0.4,0,0,0,0,0,0,0,50.8,-3,5.1,15,-999,999,41.8,-4,5.2,14,-99,99,0.1,100,0.1,100,0.1,100,186962000,2041.16,8.91602e-07,0,-24.1416,NA,NA,250.201,1761.9,NA,NA,NA,NA,NA,52.9518,0,0,0,0,0,2.03373e-17,5.22575e-18,4254190000,0.390271708597876,0,NA,NA,0.2,19.5327,132.167,0.200826,0.099891,0.0993645,6.8e-06,3.101,38.18,-0.276,1,0,0,0,0,1,18.7376,0.65,0.4,0,0,0,0,0,-0.0511619,0,50.6856,-3,5.07717,15,-999,999,38.5395,-4,4.41042,14,-99,99,0.1,100,0.1,100,0.1,100,186962000,724.057,1.17414e-14,0,-27.2079,NA,NA,513.345,273.637,NA,NA,NA,NA,NA,-35.7187,0,0,0.00104466,0,0,-0.826115,20.88049,99.304655,99.90896,0.92624,20,20,"B0-D100-E1-F0-cod",77,"B0","D100","E1","F0","cod",0.00140293,"#V3.24O",0.466666666666667,FALSE,"B0-D100-E1-F0-cod-77"
"78",1418010000,164172000,4084180000,0.344242908001117,0,0.2,20,132,0.2,0.1,0.1,6.8e-06,3.101,38.18,-0.276,1,0,0,0,0,1,1,18.7,0.65,0.4,0,0,0,0,0,0,0,50.8,-3,5.1,15,-999,999,41.8,-4,5.2,14,-99,99,0.1,100,0.1,100,0.1,100,171856000,2114.8,9.36447e-07,0,-24.1416,NA,NA,263.054,1819.48,NA,NA,NA,NA,NA,56.1575,0,0,0,0,0,2.16523e-17,5.56543e-18,4008720000,0.309230876688818,0,NA,NA,0.2,20.2462,132.844,0.196311,0.0999828,0.0988943,6.8e-06,3.101,38.18,-0.276,1,0,0,0,0,1,18.6787,0.65,0.4,0,0,0,0,0,-0.0162503,0,51.2159,-3,5.11067,15,-999,999,43.9575,-4,5.63733,14,-99,99,0.1,100,0.1,100,0.1,100,171856000,763.117,3.26668e-14,0,-25.9382,NA,NA,576.929,243.463,NA,NA,NA,NA,NA,-31.3379,0,0,0.000833391,0,0,-0.826115,20.88049,99.304655,99.90896,0.92624,20,20,"B0-D100-E1-F0-cod",78,"B0","D100","E1","F0","cod",0.00933262,"#V3.24O",0.516666666666667,FALSE,"B0-D100-E1-F0-cod-78"
"79",1418010000,164172000,4084180000,0.287700346213928,0,0.2,20,132,0.2,0.1,0.1,6.8e-06,3.101,38.18,-0.276,1,0,0,0,0,1,1,18.7,0.65,0.4,0,0,0,0,0,0,0,50.8,-3,5.1,15,-999,999,41.8,-4,5.2,14,-99,99,0.1,100,0.1,100,0.1,100,138785000,2024.5,7.75684e-07,0,-24.1416,NA,NA,246.471,1743.79,NA,NA,NA,NA,NA,58.1305,0,0,0,0,0,2.10959e-17,5.42456e-18,4113050000,0.278408966581977,0,NA,NA,0.2,20.0886,132.957,0.19795,0.101452,0.0946217,6.8e-06,3.101,38.18,-0.276,1,0,0,0,0,1,18.6971,0.65,0.4,0,0,0,0,0,-0.0564407,0,51.0443,-3,5.09044,15,-999,999,42.3678,-4,5.27276,14,-99,99,0.1,100,0.1,100,0.1,100,138785000,738.985,1.91668e-14,0,-26.3234,NA,NA,558.4,237.268,NA,NA,NA,NA,NA,-30.3612,0,0,0.00088727,0,0,-0.826115,20.88049,99.304655,99.90896,0.92624,20,20,"B0-D100-E1-F0-cod",79,"B0","D100","E1","F0","cod",0.00013187,"#V3.24O",0.533333333333333,FALSE,"B0-D100-E1-F0-cod-79"
"80",1418010000,164172000,4084180000,0.326770612460763,0,0.2,20,132,0.2,0.1,0.1,6.8e-06,3.101,38.18,-0.276,1,0,0,0,0,1,1,18.7,0.65,0.4,0,0,0,0,0,0,0,50.8,-3,5.1,15,-999,999,41.8,-4,5.2,14,-99,99,0.1,100,0.1,100,0.1,100,167684000,2009.46,8.1514e-07,0,-24.1416,NA,NA,243.828,1728.97,NA,NA,NA,NA,NA,60.5527,0,0,0,0,0,2.08665e-17,5.3557e-18,4156710000,0.409590758075497,0,NA,NA,0.2,20.2228,132.651,0.197211,0.100798,0.0958021,6.8e-06,3.101,38.18,-0.276,1,0,0,0,0,1,18.7164,0.65,0.4,0,0,0,0,0,-0.0432097,0,51.4201,-3,5.15992,15,-999,999,44.3052,-4,5.69082,14,-99,99,0.1,100,0.1,100,0.1,100,167684000,812.674,1.80188e-14,0,-23.2808,NA,NA,595.251,269.354,NA,NA,NA,NA,NA,-28.6516,0,0,0.000819157,0,0,-0.826115,20.88049,99.304655,99.90896,0.92624,20,20,"B0-D100-E1-F0-cod",80,"B0","D100","E1","F0","cod",0.00848141,"#V3.24O",0.5,FALSE,"B0-D100-E1-F0-cod-80"
"81",1418010000,164172000,4084180000,0.340562854722368,0,0.2,20,132,0.2,0.1,0.1,6.8e-06,3.101,38.18,-0.276,1,0,0,0,0,1,1,18.7,0.65,0.4,0,0,0,0,0,0,0,50.8,-3,5.1,15,-999,999,41.8,-4,5.2,14,-99,99,0.1,100,0.1,100,0.1,100,165321000,2069.45,1.19109e-06,0,-24.1416,NA,NA,259.551,1787.74,NA,NA,NA,NA,NA,46.049,0,0,0,0,0,2.30854e-17,5.94721e-18,3759260000,0.341282592850721,0,NA,NA,0.2,19.9489,132.06,0.199934,0.0997942,0.099559,6.8e-06,3.101,38.18,-0.276,1,0,0,0,0,1,18.6168,0.65,0.4,0,0,0,0,0,0.0402922,0,51.3844,-3,5.16555,15,-999,999,41.9792,-4,5.29221,14,-99,99,0.1,100,0.1,100,0.1,100,165321000,783.428,3.91276e-14,0,-30.5232,NA,NA,566.399,285.15,NA,NA,NA,NA,NA,-37.5984,0,0,0.000873792,0,0,-0.826115,20.88049,99.304655,99.90896,0.92624,20,20,"B0-D100-E1-F0-cod",81,"B0","D100","E1","F0","cod",5.6379e-05,"#V3.24O",0.5,FALSE,"B0-D100-E1-F0-cod-81"
"82",1418010000,164172000,4084180000,0.283687300755598,0,0.2,20,132,0.2,0.1,0.1,6.8e-06,3.101,38.18,-0.276,1,0,0,0,0,1,1,18.7,0.65,0.4,0,0,0,0,0,0,0,50.8,-3,5.1,15,-999,999,41.8,-4,5.2,14,-99,99,0.1,100,0.1,100,0.1,100,139578000,2076.67,9.45697e-07,0,-24.1416,NA,NA,251.872,1779.06,NA,NA,NA,NA,NA,69.6343,0,0,0,0,0,2.25027e-17,5.78507e-18,3857900000,0.321348401980352,0,NA,NA,0.2,20.1766,132.229,0.198531,0.0957004,0.101603,6.8e-06,3.101,38.18,-0.276,1,0,0,0,0,1,18.6432,0.65,0.4,0,0,0,0,0,-0.0558752,0,51.7295,-3,5.19977,15,-999,999,42.692,-4,5.41872,14,-99,99,0.1,100,0.1,100,0.1,100,139578000,796.11,1.71351e-14,0,-27.9809,NA,NA,577.236,276.157,NA,NA,NA,NA,NA,-29.3034,0,0,0.000849442,0,0,-0.826115,20.88049,99.304655,99.90896,0.92624,20,20,"B0-D100-E1-F0-cod",82,"B0","D100","E1","F0","cod",0.000110479,"#V3.24O",0.516666666666667,FALSE,"B0-D100-E1-F0-cod-82"
"83",1418010000,164172000,4084180000,0.3064752288097,0,0.2,20,132,0.2,0.1,0.1,6.8e-06,3.101,38.18,-0.276,1,0,0,0,0,1,1,18.7,0.65,0.4,0,0,0,0,0,0,0,50.8,-3,5.1,15,-999,999,41.8,-4,5.2,14,-99,99,0.1,100,0.1,100,0.1,100,148470000,2034.15,7.66552e-07,0,-24.1416,NA,NA,250.032,1741.7,NA,NA,NA,NA,NA,66.3116,0,0,0,0,0,2.1281e-17,5.43992e-18,4060860000,0.35005146693065,0,NA,NA,0.2,19.9404,132.215,0.200016,0.0987561,0.0998027,6.8e-06,3.101,38.18,-0.276,1,0,0,0,0,1,18.6902,0.65,0.4,0,0,0,0,0,-0.0113434,0,50.7853,-3,5.10998,15,-999,999,40.6839,-4,4.97078,14,-99,99,0.1,100,0.1,100,0.1,100,148470000,769.836,1.69705e-14,0,-26.6716,NA,NA,562.244,264.441,NA,NA,NA,NA,NA,-30.1782,0,0,0.000934519,0,0,-0.826115,20.88049,99.304655,99.90896,0.92624,20,20,"B0-D100-E1-F0-cod",83,"B0","D100","E1","F0","cod",0.00154559,"#V3.24O",0.5,FALSE,"B0-D100-E1-F0-cod-83"
"84",1418010000,164172000,4084180000,0.333692442546607,0,0.2,20,132,0.2,0.1,0.1,6.8e-06,3.101,38.18,-0.276,1,0,0,0,0,1,1,18.7,0.65,0.4,0,0,0,0,0,0,0,50.8,-3,5.1,15,-999,999,41.8,-4,5.2,14,-99,99,0.1,100,0.1,100,0.1,100,169745000,2050.91,8.78774e-07,0,-24.1416,NA,NA,251.402,1774.29,NA,NA,NA,NA,NA,49.1149,0,0,0,0,0,2.02747e-17,5.17338e-18,4250190000,0.337234335406182,0,NA,NA,0.2,19.8791,131.411,0.201839,0.0999543,0.102246,6.8e-06,3.101,38.18,-0.276,1,0,0,0,0,1,18.7443,0.65,0.4,0,0,0,0,0,-0.0201004,0,49.8357,-3,5.02596,15,-999,999,41.4113,-4,5.13029,14,-99,99,0.1,100,0.1,100,0.1,100,169745000,772.713,1.61889e-14,0,-29.0398,NA,NA,588.693,253.787,NA,NA,NA,NA,NA,-40.7274,0,0,0.000922858,0,0,-0.826115,20.88049,99.304655,99.90896,0.92624,20,20,"B0-D100-E1-F0-cod",84,"B0","D100","E1","F0","cod",0.0154523,"#V3.24O",0.516666666666667,FALSE,"B0-D100-E1-F0-cod-84"
"85",1418010000,164172000,4084180000,0.280129671072284,0,0.2,20,132,0.2,0.1,0.1,6.8e-06,3.101,38.18,-0.276,1,0,0,0,0,1,1,18.7,0.65,0.4,0,0,0,0,0,0,0,50.8,-3,5.1,15,-999,999,41.8,-4,5.2,14,-99,99,0.1,100,0.1,100,0.1,100,137296000,1984.79,1.03563e-06,0,-24.1416,NA,NA,247.61,1717.46,NA,NA,NA,NA,NA,43.6091,0,0,0,0,0,2.24184e-17,5.78602e-18,3872470000,0.291240474425883,0,NA,NA,0.2,19.4831,132.156,0.203266,0.103256,0.0989378,6.8e-06,3.101,38.18,-0.276,1,0,0,0,0,1,18.6325,0.65,0.4,0,0,0,0,0,0.0629008,0,51.6709,-3,5.21174,15,-999,999,39.5517,-4,4.72682,14,-99,99,0.1,100,0.1,100,0.1,100,137296000,785.957,4.39476e-14,0,-28.1594,NA,NA,603.321,254.984,NA,NA,NA,NA,NA,-44.1897,0,0,0.00096245,0,0,-0.826115,20.88049,99.304655,99.90896,0.92624,20,20,"B0-D100-E1-F0-cod",85,"B0","D100","E1","F0","cod",0.00203812,"#V3.24O",0.516666666666667,FALSE,"B0-D100-E1-F0-cod-85"
"86",1418010000,164172000,4084180000,0.377701276633253,0,0.2,20,132,0.2,0.1,0.1,6.8e-06,3.101,38.18,-0.276,1,0,0,0,0,1,1,18.7,0.65,0.4,0,0,0,0,0,0,0,50.8,-3,5.1,15,-999,999,41.8,-4,5.2,14,-99,99,0.1,100,0.1,100,0.1,100,186488000,2091.1,7.86965e-07,0,-24.1416,NA,NA,257.98,1803.26,NA,NA,NA,NA,NA,53.749,0,0,0,0,0,2.08381e-17,5.43365e-18,4193970000,0.369718905953071,0,NA,NA,0.2,20.2954,131.747,0.199048,0.097887,0.099434,6.8e-06,3.101,38.18,-0.276,1,0,0,0,0,1,18.7347,0.65,0.4,0,0,0,0,0,-0.0180321,0,51.9142,-3,5.18838,15,-999,999,43.1373,-4,5.5236,14,-99,99,0.1,100,0.1,100,0.1,100,186488000,738.347,1.55513e-14,0,-29.1884,NA,NA,545.021,254.508,NA,NA,NA,NA,NA,-31.9945,0,0,0.000836219,0,0,-0.826115,20.88049,99.304655,99.90896,0.92624,20,20,"B0-D100-E1-F0-cod",86,"B0","D100","E1","F0","cod",5.23396e-05,"#V3.24O",0.5,FALSE,"B0-D100-E1-F0-cod-86"
"87",1418010000,164172000,4084180000,0.377975505487026,0,0.2,20,132,0.2,0.1,0.1,6.8e-06,3.101,38.18,-0.276,1,0,0,0,0,1,1,18.7,0.65,0.4,0,0,0,0,0,0,0,50.8,-3,5.1,15,-999,999,41.8,-4,5.2,14,-99,99,0.1,100,0.1,100,0.1,100,186866000,2042.89,8.61889e-07,0,-24.1416,NA,NA,249.422,1764.49,NA,NA,NA,NA,NA,52.8712,0,0,0,0,0,2.09057e-17,5.43525e-18,4160260000,0.323027887680097,0,NA,NA,0.2,19.9664,130.975,0.201641,0.0998812,0.103434,6.8e-06,3.101,38.18,-0.276,1,0,0,0,0,1,18.7323,0.65,0.4,0,0,0,0,0,0.0160557,0,50.6289,-3,5.06564,15,-999,999,41.6919,-4,5.18576,14,-99,99,0.1,100,0.1,100,0.1,100,186866000,757.613,2.26838e-14,0,-26.9248,NA,NA,547.65,267.979,NA,NA,NA,NA,NA,-31.0924,0,0,0.000905881,0,0,-0.826115,20.88049,99.304655,99.90896,0.92624,20,20,"B0-D100-E1-F0-cod",87,"B0","D100","E1","F0","cod",0.000237997,"#V3.24O",0.516666666666667,FALSE,"B0-D100-E1-F0-cod-87"
"88",1418010000,164172000,4084180000,0.337783839106014,0,0.2,20,132,0.2,0.1,0.1,6.8e-06,3.101,38.18,-0.276,1,0,0,0,0,1,1,18.7,0.65,0.4,0,0,0,0,0,0,0,50.8,-3,5.1,15,-999,999,41.8,-4,5.2,14,-99,99,0.1,100,0.1,100,0.1,100,169123000,2003.92,9.12689e-07,0,-24.1416,NA,NA,249.445,1739.3,NA,NA,NA,NA,NA,39.0635,0,0,0,0,0,2.0198e-17,5.24599e-18,4309560000,0.328474368613037,0,NA,NA,0.2,20.1331,131.373,0.199929,0.0997971,0.103613,6.8e-06,3.101,38.18,-0.276,1,0,0,0,0,1,18.7652,0.65,0.4,0,0,0,0,0,-0.0699441,0,50.982,-3,5.09826,15,-999,999,43.5306,-4,5.54092,14,-99,99,0.1,100,0.1,100,0.1,100,169123000,788.645,1.56647e-14,0,-29.27,NA,NA,582.244,277.209,NA,NA,NA,NA,NA,-41.538,0,0,0.000848269,0,0,-0.826115,20.88049,99.304655,99.90896,0.92624,20,20,"B0-D100-E1-F0-cod",88,"B0","D100","E1","F0","cod",0.0015416,"#V3.24O",0.5,FALSE,"B0-D100-E1-F0-cod-88"
"89",1418010000,164172000,4084180000,0.279270257432336,0,0.2,20,132,0.2,0.1,0.1,6.8e-06,3.101,38.18,-0.276,1,0,0,0,0,1,1,18.7,0.65,0.4,0,0,0,0,0,0,0,50.8,-3,5.1,15,-999,999,41.8,-4,5.2,14,-99,99,0.1,100,0.1,100,0.1,100,137108000,2011.14,1.24995e-06,0,-24.1416,NA,NA,247.326,1741.99,NA,NA,NA,NA,NA,45.7157,0,0,0,0,0,2.41971e-17,6.15206e-18,3572450000,0.315142269310977,0,NA,NA,0.2,19.8836,133.358,0.197112,0.100415,0.0939804,6.8e-06,3.101,38.18,-0.276,1,0,0,0,0,1,18.5537,0.65,0.4,0,0,0,0,0,0.0260478,0,52.107,-3,5.26541,15,-999,999,40.3891,-4,4.90852,14,-99,99,0.1,100,0.1,100,0.1,100,137108000,774.608,2.22694e-14,0,-29.0348,NA,NA,594.918,252.273,NA,NA,NA,NA,NA,-43.5496,0,0,0.000920964,0,0,-0.826115,20.88049,99.304655,99.90896,0.92624,20,20,"B0-D100-E1-F0-cod",89,"B0","D100","E1","F0","cod",0.00149188,"#V3.24O",0.5,FALSE,"B0-D100-E1-F0-cod-89"
"90",1418010000,164172000,4084180000,0.326819581898937,0,0.2,20,132,0.2,0.1,0.1,6.8e-06,3.101,38.18,-0.276,1,0,0,0,0,1,1,18.7,0.65,0.4,0,0,0,0,0,0,0,50.8,-3,5.1,15,-999,999,41.8,-4,5.2,14,-99,99,0.1,100,0.1,100,0.1,100,159744000,2049.71,8.60388e-07,0,-24.1416,NA,NA,250.247,1768.72,NA,NA,NA,NA,NA,54.632,0,0,0,0,0,2.19896e-17,5.62879e-18,3934930000,0.34978004691316,0,NA,NA,0.2,20.2715,132.624,0.197093,0.0997247,0.096912,6.8e-06,3.101,38.18,-0.276,1,0,0,0,0,1,18.662,0.65,0.4,0,0,0,0,0,-0.0129214,0,50.4687,-3,5.03597,15,-999,999,44.1521,-4,5.65395,14,-99,99,0.1,100,0.1,100,0.1,100,159744000,861.919,1.65447e-14,0,-26.4299,NA,NA,630.32,290.619,NA,NA,NA,NA,NA,-32.5916,0,0,0.000843977,0,0,-0.826115,20.88049,99.304655,99.90896,0.92624,20,20,"B0-D100-E1-F0-cod",90,"B0","D100","E1","F0","cod",0.00138934,"#V3.24O",0.5,FALSE,"B0-D100-E1-F0-cod-90"
"91",1418010000,164172000,4084180000,0.434620903094379,0,0.2,20,132,0.2,0.1,0.1,6.8e-06,3.101,38.18,-0.276,1,0,0,0,0,1,1,18.7,0.65,0.4,0,0,0,0,0,0,0,50.8,-3,5.1,15,-999,999,41.8,-4,5.2,14,-99,99,0.1,100,0.1,100,0.1,100,216084000,2066.78,5.82314e-07,0,-24.1416,NA,NA,256.385,1774.3,NA,NA,NA,NA,NA,59.9939,0,0,0,0,0,1.85236e-17,4.79723e-18,4688310000,0.381807090401445,0,NA,NA,0.2,20.0147,131.552,0.201309,0.0987819,0.099991,6.8e-06,3.101,38.18,-0.276,1,0,0,0,0,1,18.8418,0.65,0.4,0,0,0,0,0,0.00127856,0,50.3061,-3,5.01135,15,-999,999,41.2148,-4,5.04956,14,-99,99,0.1,100,0.1,100,0.1,100,216084000,814.901,4.33181e-14,0,-31.3946,NA,NA,586.967,283.92,NA,NA,NA,NA,NA,-24.5922,0,0,0.000936373,0,0,-0.826115,20.88049,99.304655,99.90896,0.92624,20,20,"B0-D100-E1-F0-cod",91,"B0","D100","E1","F0","cod",0.00553753,"#V3.24O",0.533333333333333,FALSE,"B0-D100-E1-F0-cod-91"
"92",1418010000,164172000,4084180000,0.401164982934151,0,0.2,20,132,0.2,0.1,0.1,6.8e-06,3.101,38.18,-0.276,1,0,0,0,0,1,1,18.7,0.65,0.4,0,0,0,0,0,0,0,50.8,-3,5.1,15,-999,999,41.8,-4,5.2,14,-99,99,0.1,100,0.1,100,0.1,100,201263000,2107.6,9.34993e-07,0,-24.1416,NA,NA,254.353,1812.49,NA,NA,NA,NA,NA,64.645,0,0,0,0,0,2.14924e-17,5.59478e-18,4057820000,0.364925008994978,0,NA,NA,0.2,19.8168,131.516,0.20131,0.100343,0.101467,6.8e-06,3.101,38.18,-0.276,1,0,0,0,0,1,18.699,0.65,0.4,0,0,0,0,0,0.0265048,0,51.9702,-3,5.22412,15,-999,999,39.717,-4,4.73137,14,-99,99,0.1,100,0.1,100,0.1,100,201263000,799.886,2.83061e-14,0,-25.8233,NA,NA,591.45,261.544,NA,NA,NA,NA,NA,-27.2858,0,0,0.000958646,0,0,-0.826115,20.88049,99.304655,99.90896,0.92624,20,20,"B0-D100-E1-F0-cod",92,"B0","D100","E1","F0","cod",0.000277062,"#V3.24O",0.483333333333333,FALSE,"B0-D100-E1-F0-cod-92"
"93",1418010000,164172000,4084180000,0.270752023662033,0,0.2,20,132,0.2,0.1,0.1,6.8e-06,3.101,38.18,-0.276,1,0,0,0,0,1,1,18.7,0.65,0.4,0,0,0,0,0,0,0,50.8,-3,5.1,15,-999,999,41.8,-4,5.2,14,-99,99,0.1,100,0.1,100,0.1,100,132854000,2020.72,1.00237e-06,0,-24.1416,NA,NA,248.264,1749.77,NA,NA,NA,NA,NA,46.5736,0,0,0,0,0,2.24461e-17,5.77117e-18,3857310000,0.272378937653442,0,NA,NA,0.2,19.8664,132.277,0.200398,0.102282,0.0972716,6.8e-06,3.101,38.18,-0.276,1,0,0,0,0,1,18.6369,0.65,0.4,0,0,0,0,0,0.0438629,0,50.2995,-3,5.02207,15,-999,999,40.5123,-4,4.90452,14,-99,99,0.1,100,0.1,100,0.1,100,132854000,762.86,2.33324e-14,0,-26.455,NA,NA,569.988,261.227,NA,NA,NA,NA,NA,-41.9012,0,0,0.000959734,0,0,-0.826115,20.88049,99.304655,99.90896,0.92624,20,20,"B0-D100-E1-F0-cod",93,"B0","D100","E1","F0","cod",0.000299374,"#V3.24O",0.5,FALSE,"B0-D100-E1-F0-cod-93"
"94",1418010000,164172000,4084180000,0.339901767307024,0,0.2,20,132,0.2,0.1,0.1,6.8e-06,3.101,38.18,-0.276,1,0,0,0,0,1,1,18.7,0.65,0.4,0,0,0,0,0,0,0,50.8,-3,5.1,15,-999,999,41.8,-4,5.2,14,-99,99,0.1,100,0.1,100,0.1,100,166590000,2056.13,9.02678e-07,0,-24.1416,NA,NA,251.51,1773.56,NA,NA,NA,NA,NA,54.9562,0,0,0,0,0,2.31799e-17,5.979e-18,3742440000,0.347187930868631,0,NA,NA,0.2,19.9862,131.791,0.200935,0.101251,0.0994123,6.8e-06,3.101,38.18,-0.276,1,0,0,0,0,1,18.6131,0.65,0.4,0,0,0,0,0,0.00991603,0,50.8026,-3,5.09751,15,-999,999,42.16,-4,5.23143,14,-99,99,0.1,100,0.1,100,0.1,100,166590000,798.629,4.06825e-14,0,-27.5901,NA,NA,587.123,278.104,NA,NA,NA,NA,NA,-39.0087,0,0,0.000893036,0,0,-0.826115,20.88049,99.304655,99.90896,0.92624,20,20,"B0-D100-E1-F0-cod",94,"B0","D100","E1","F0","cod",0.00710067,"#V3.24O",0.5,FALSE,"B0-D100-E1-F0-cod-94"
"95",1418010000,164172000,4084180000,0.29081725095368,0,0.2,20,132,0.2,0.1,0.1,6.8e-06,3.101,38.18,-0.276,1,0,0,0,0,1,1,18.7,0.65,0.4,0,0,0,0,0,0,0,50.8,-3,5.1,15,-999,999,41.8,-4,5.2,14,-99,99,0.1,100,0.1,100,0.1,100,146859000,2014.92,1.15039e-06,0,-24.1416,NA,NA,249.4,1743.57,NA,NA,NA,NA,NA,45.8409,0,0,0,0,0,2.32473e-17,5.97611e-18,3719590000,0.286558464777032,0,NA,NA,0.2,19.8823,131.37,0.202302,0.100639,0.101976,6.8e-06,3.101,38.18,-0.276,1,0,0,0,0,1,18.6097,0.65,0.4,0,0,0,0,0,0.0239355,0,49.9282,-3,5.00878,15,-999,999,41.2646,-4,5.09698,14,-99,99,0.1,100,0.1,100,0.1,100,146859000,743.761,2.84176e-14,0,-28.1842,NA,NA,554.23,262.739,NA,NA,NA,NA,NA,-45.0259,0,0,0.000930563,0,0,-0.826115,20.88049,99.304655,99.90896,0.92624,20,20,"B0-D100-E1-F0-cod",95,"B0","D100","E1","F0","cod",1.43626e-05,"#V3.24O",0.5,FALSE,"B0-D100-E1-F0-cod-95"
"96",1418010000,164172000,4084180000,0.347127207909544,0,0.2,20,132,0.2,0.1,0.1,6.8e-06,3.101,38.18,-0.276,1,0,0,0,0,1,1,18.7,0.65,0.4,0,0,0,0,0,0,0,50.8,-3,5.1,15,-999,999,41.8,-4,5.2,14,-99,99,0.1,100,0.1,100,0.1,100,171065000,2029.31,1.03886e-06,0,-24.1416,NA,NA,246.033,1763.63,NA,NA,NA,NA,NA,43.5399,0,0,0,0,0,2.08126e-17,5.40386e-18,4188490000,0.335158971371544,0,NA,NA,0.2,19.9048,132.052,0.200229,0.10193,0.0955504,6.8e-06,3.101,38.18,-0.276,1,0,0,0,0,1,18.7257,0.65,0.4,0,0,0,0,0,-0.00363877,0,52.0609,-3,5.22995,15,-999,999,41.1383,-4,5.03795,14,-99,99,0.1,100,0.1,100,0.1,100,171065000,736.573,1.78842e-14,0,-28.8396,NA,NA,532.917,272.893,NA,NA,NA,NA,NA,-40.399,0,0,0.000903161,0,0,-0.826115,20.88049,99.304655,99.90896,0.92624,20,20,"B0-D100-E1-F0-cod",96,"B0","D100","E1","F0","cod",1.51841e-05,"#V3.24O",0.516666666666667,FALSE,"B0-D100-E1-F0-cod-96"
"97",1418010000,164172000,4084180000,0.387764496177935,0,0.2,20,132,0.2,0.1,0.1,6.8e-06,3.101,38.18,-0.276,1,0,0,0,0,1,1,18.7,0.65,0.4,0,0,0,0,0,0,0,50.8,-3,5.1,15,-999,999,41.8,-4,5.2,14,-99,99,0.1,100,0.1,100,0.1,100,193073000,2048.5,7.34703e-07,0,-24.1416,NA,NA,247.648,1773.42,NA,NA,NA,NA,NA,51.3293,0,0,0,0,0,1.88686e-17,4.76397e-18,4540310000,0.375652763798067,0,NA,NA,0.2,19.7492,132.01,0.202054,0.100273,0.098951,6.8e-06,3.101,38.18,-0.276,1,0,0,0,0,1,18.7986,0.65,0.4,0,0,0,0,0,0.00918439,0,48.2568,-3,4.82388,15,-999,999,41.1683,-4,5.03752,14,-99,99,0.1,100,0.1,100,0.1,100,193073000,815.78,2.81657e-14,0,-27.9275,NA,NA,584.331,289.947,NA,NA,NA,NA,NA,-30.5722,0,0,0.000974559,0,0,-0.826115,20.88049,99.304655,99.90896,0.92624,20,20,"B0-D100-E1-F0-cod",97,"B0","D100","E1","F0","cod",0.0081453,"#V3.24O",0.533333333333333,FALSE,"B0-D100-E1-F0-cod-97"
"98",1418010000,164172000,4084180000,0.274130914896013,0,0.2,20,132,0.2,0.1,0.1,6.8e-06,3.101,38.18,-0.276,1,0,0,0,0,1,1,18.7,0.65,0.4,0,0,0,0,0,0,0,50.8,-3,5.1,15,-999,999,41.8,-4,5.2,14,-99,99,0.1,100,0.1,100,0.1,100,135465000,2029.3,9.04282e-07,0,-24.1416,NA,NA,250.673,1747.46,NA,NA,NA,NA,NA,55.0546,0,0,0,0,0,2.25517e-17,5.74158e-18,3827350000,0.316851084954342,0,NA,NA,0.2,20.0292,133.039,0.198371,0.09938,0.0995999,6.8e-06,3.101,38.18,-0.276,1,0,0,0,0,1,18.6198,0.65,0.4,0,0,0,0,0,-0.0324432,0,50.4081,-3,5.03819,15,-999,999,41.6866,-4,5.11823,14,-99,99,0.1,100,0.1,100,0.1,100,135465000,778.906,1.57218e-14,0,-28.7541,NA,NA,576.056,274.403,NA,NA,NA,NA,NA,-42.7991,0,0,0.000920392,0,0,-0.826115,20.88049,99.304655,99.90896,0.92624,20,20,"B0-D100-E1-F0-cod",98,"B0","D100","E1","F0","cod",0.00805368,"#V3.24O",0.483333333333333,FALSE,"B0-D100-E1-F0-cod-98"
"99",1418010000,164172000,4084180000,0.312904916041898,0,0.2,20,132,0.2,0.1,0.1,6.8e-06,3.101,38.18,-0.276,1,0,0,0,0,1,1,18.7,0.65,0.4,0,0,0,0,0,0,0,50.8,-3,5.1,15,-999,999,41.8,-4,5.2,14,-99,99,0.1,100,0.1,100,0.1,100,155421000,2038.03,7.74877e-07,0,-24.1416,NA,NA,252.928,1765.29,NA,NA,NA,NA,NA,43.7103,0,0,0,0,0,2.10142e-17,5.39692e-18,4123140000,0.301971313125434,0,NA,NA,0.2,20.0059,131.934,0.199747,0.0990986,0.102259,6.8e-06,3.101,38.18,-0.276,1,0,0,0,0,1,18.7111,0.65,0.4,0,0,0,0,0,-0.041046,0,51.2173,-3,5.15836,15,-999,999,41.2886,-4,5.10667,14,-99,99,0.1,100,0.1,100,0.1,100,155421000,797.475,1.68824e-14,0,-21.2604,NA,NA,560.347,293.486,NA,NA,NA,NA,NA,-35.0988,0,0,0.000903875,0,0,-0.826115,20.88049,99.304655,99.90896,0.92624,20,20,"B0-D100-E1-F0-cod",99,"B0","D100","E1","F0","cod",0.000294989,"#V3.24O",0.516666666666667,FALSE,"B0-D100-E1-F0-cod-99"
"100",1418010000,164172000,4084180000,0.343312488675817,0,0.2,20,132,0.2,0.1,0.1,6.8e-06,3.101,38.18,-0.276,1,0,0,0,0,1,1,18.7,0.65,0.4,0,0,0,0,0,0,0,50.8,-3,5.1,15,-999,999,41.8,-4,5.2,14,-99,99,0.1,100,0.1,100,0.1,100,172123000,2003.82,7.4306e-07,0,-24.1416,NA,NA,247.736,1734.56,NA,NA,NA,NA,NA,45.4142,0,0,0,0,0,1.89907e-17,4.88117e-18,4562240000,0.305152731991302,0,NA,NA,0.2,19.8128,131.986,0.20052,0.0999812,0.10243,6.8e-06,3.101,38.18,-0.276,1,0,0,0,0,1,18.809,0.65,0.4,0,0,0,0,0,-0.0513263,0,51.1874,-3,5.15281,15,-999,999,39.6628,-4,4.74961,14,-99,99,0.1,100,0.1,100,0.1,100,172123000,763.935,1.2991e-14,0,-28.6057,NA,NA,555.913,282.452,NA,NA,NA,NA,NA,-45.8258,0,0,0.000967368,0,0,-0.826115,20.88049,99.304655,99.90896,0.92624,20,20,"B0-D100-E1-F0-cod",100,"B0","D100","E1","F0","cod",0.00122747,"#V3.24O",0.533333333333333,FALSE,"B0-D100-E1-F0-cod-100"
